slang,user_based_propagation_coverage_score,user_based_propagation_coverage_speed,topic_based_propagation_coverage_score,topic_based_propagation_coverage_speed
k-rad,0.7937871352243929,0.00620146199394057,0.7562838472011826,0.005908467556259239
whoremonkey,0.0,0.0,0.0,0.0
shaboink,0.4712651726973266,0.004760254269669965,0.5997701274456356,0.006058284115612481
blue-hair,0.8368362442334697,0.00747175218065598,0.7629142296757854,0.006811734193533798
coochie,0.932829070927812,0.007462632567422496,0.80042104016868,0.00640336832134944
rep-counter,0.0,0.0,0.0,0.0
whoopsie,0.961133968212894,0.0076280473667689995,0.8142710379858841,0.006462468555443524
fuck-bitch,0.4738579982913675,0.00623497366172852,0.5901263218297268,0.007764820024075352
moger,0.7418975219402076,0.009047530755368386,0.7161161738289143,0.00873312407108432
broner,0.8944812031876906,0.007392406637914799,0.790640513893125,0.006534219123083677
neckbone,0.8037551436620799,0.007176385211268571,0.7838092976416555,0.006998297300371924
haxxor,0.9175954860166563,0.006461940042370819,0.7879069922339473,0.0055486407903799105
belt-tightening,0.8681295823727713,0.006729686685060242,0.7627204115954204,0.005912561330197057
jill,0.950671384279146,0.007094562569247358,0.8080954324548238,0.006030562928767342
crit,0.9657434503245129,0.007261228949808368,0.8105119044645483,0.006094074469658258
chillbilly,0.5181176563360086,0.004317647136133405,0.6332317334358258,0.005276931111965215
postarrhea,0.0,0.0,0.0,0.0
kill'em,0.9174650225696792,0.0069504925952248425,0.8027565453210698,0.006081488979705074
smacktard,0.7990579223757872,0.0061465994028906705,0.7814192332003096,0.00601091717846392
quick-and-dirty,0.9435734780124649,0.006462832041181267,0.8070827343283659,0.0055279639337559305
slunt,0.7920457160528183,0.006092659354252448,0.7190356415552325,0.005531043396578711
gacked,0.8654905383027792,0.007461125330196373,0.7936517395353921,0.006841825340822346
tiltered,0.3111239143067705,0.00426197142885987,0.2835663820099968,0.0038844709864383122
goomba,0.9437398899687803,0.0071495446209756085,0.8044782188958503,0.006094531961332199
sexface,0.7385013549951994,0.007773698473633678,0.676212111274511,0.0071180222239422206
schnikes,0.9068947652500061,0.007955217239035141,0.8076613905174455,0.007084749039626715
sicc,0.9181383732584555,0.008346712484167778,0.8048304977120061,0.007316640888290964
tooter,0.8970403780005946,0.007063310062996807,0.7998857663924387,0.006298313121200305
dehose,0.0,0.0,0.0,0.0
cewebrity,0.6084830762792016,0.004907121582896788,0.6755604505023829,0.005448068149212765
nucka,0.7780090082912837,0.007137697323773245,0.7806265564207026,0.0071617115267954366
louie,0.937938786528421,0.007327646769753289,0.8018460484043625,0.006264422253159082
boobage,0.9377216802741526,0.00744223555773137,0.7941441129622625,0.006302731055256051
smush,0.9601710088018933,0.007501336006264792,0.8103586124026951,0.006330926659396056
felcher,0.799627826627392,0.006663565221894933,0.7589473337568994,0.006324561114640828
slich,0.5787041936291519,0.007820326940934486,0.6232247117928654,0.008421955564768453
blankie,0.941926775039417,0.006776451618988611,0.8050676834696994,0.005791853837911506
goocher,0.7298593625348997,0.005446711660708207,0.7106086739802998,0.005303049805823133
conversate,0.9509351998262496,0.007547104760525791,0.8104483343618445,0.006432129637792417
grundle,0.9198180985215536,0.007242662193083099,0.8015005246795484,0.006311027753382271
skurred,0.8790137125948895,0.007449268750804148,0.8025658116799531,0.006801405183728416
tocko,0.4606488220665672,0.006224984081980638,0.4779644923457972,0.006458979626294556
a-lister,0.8489505756194006,0.008489505756194006,0.7689769332309552,0.007689769332309551
fucunt,0.0,0.0,0.0,0.0
pupper,0.967689056196084,0.0069617917711948495,0.8130860006007935,0.005849539572667579
ballsy,0.9749557599565108,0.006963969713975077,0.8138876801494219,0.005813483429638728
ATMed,0.6041084121944937,0.008390394613812413,0.6000275254275614,0.008333715630938354
flid,0.8294023188049879,0.007275458936885859,0.7912661557310123,0.006940931190622915
pee-yoo,0.6128888083095148,0.006886391104601289,0.6561907331020632,0.0073729295854164404
grody,0.941950575770209,0.006633454758945134,0.800505959308183,0.0056373659106210075
poonj,0.55311649986156,0.007277848682388947,0.6149080395342281,0.008090895257029317
hairbag,0.6166278952649444,0.005181747019033146,0.6997270218411668,0.005880059007068628
bumlick,0.8085262421476068,0.007700249925215303,0.7663831634364929,0.007298887270823742
sano,0.9077980491563677,0.008105339724610427,0.8160227064610641,0.007285917021973787
abso-fuckin'-lutely,0.7674144396160963,0.006615641720828417,0.7795708835719345,0.006720438651482194
wasbund,0.2808565191977483,0.014781922063039384,0.23760257057145767,0.012505398451129352
chod,0.8669628469604265,0.007473817646210573,0.8006536745378918,0.006902186849464585
sheesh,0.9765402084633001,0.006553961130626175,0.815569192996634,0.005473618744943853
doco,0.9409782673332898,0.0064450566255704785,0.8051208501244163,0.0055145263707151795
beeyatch,0.8808812215604876,0.006828536601244091,0.7900541906203624,0.006124451090080329
rug-rat,0.7369004018847338,0.00669909456258849,0.7252519708796047,0.006593199735269134
hezzy,0.6819695231472417,0.00649494783949754,0.6988224703103054,0.006655452098193385
moola,0.9482011704243712,0.007350396669956366,0.8108094990999143,0.006285344954262901
beesh,0.8301044466897757,0.007686152284164589,0.7778028105692913,0.007201877875641587
pooty,0.8871263153891347,0.007271527175320776,0.7780093485998778,0.0063771258081957195
honkin',0.9365184469277517,0.00683590107246534,0.8045868385123915,0.00587289663147731
loosie,0.8661165357317573,0.00809454706291362,0.7808794181318646,0.007297938487213687
space-age,0.9373735748024467,0.007380894289783045,0.7996044022473997,0.006296097655491336
bogan,0.9480122161903833,0.007707416391791734,0.8069850070273342,0.006560853715669384
guido,0.9425361645630806,0.006283574430420538,0.8117644457903057,0.005411762971935371
split-tail,0.7572889918715626,0.007144235772373232,0.7519187893924223,0.0070935734848341725
burd,0.9078832235234664,0.007894636726291012,0.7975397524814998,0.006935128282447824
nut-roll,0.5571773250150347,0.006190859166833719,0.635310136645761,0.007059001518286233
empty-nester,0.8510510746034161,0.007151689702549716,0.7490901861670463,0.006294875514008792
touchie,0.9018538515867108,0.007273014932150894,0.8069805438196432,0.006507907611448736
fartriloquism,0.2134869509406686,0.002924478780009159,0.4470861950288779,0.006124468425053122
tittay,0.8419321183086051,0.006682000938957184,0.784694326284129,0.006227732748286739
kevork,0.42502494460776996,0.005449037751381666,0.5530610657886051,0.007090526484469297
giggity,0.9677857174416766,0.0070641293243918005,0.8109721760840862,0.005919504934920337
vegitate,0.8031618921990703,0.007874136198030101,0.7415301623803129,0.007269903552748165
PDPs,0.8557323714542983,0.0065323081790404445,0.759155138448366,0.005795077392735618
reg,0.9790337306107091,0.0066600934055150275,0.8158539366524067,0.005550026779948345
whosawhatsit,0.794967407839883,0.00794967407839883,0.7392323708358851,0.007392323708358851
sesh,0.9702168969671465,0.007700134102913861,0.8130402131855254,0.006452700104647028
chreaster,0.585543845247767,0.006364607013562685,0.5101271436981918,0.005544860257589041
anyhoo,0.9601723530109872,0.0071654653209775165,0.8146222889408468,0.006079270812991394
banus,0.7287364971914297,0.00612383611085235,0.7601958013973984,0.006388200011742844
fave,0.9789342505979748,0.006614420612148478,0.8147934089221343,0.005505360871095502
craptacular,0.9486029193054782,0.0066335868482900575,0.8068946537575803,0.005642619956346715
addi-paddi,0.0,0.0,0.0,0.0
gwat,0.6999732773902357,0.005784903118927568,0.6734746698581326,0.005565906362463906
bazoom,0.6098556275498791,0.007260186042260465,0.6679374764419752,0.007951636624309229
perv,0.9727035788385686,0.006528211938513884,0.812946855470278,0.0054560191642300535
cig,0.9695054834215023,0.007181522099418536,0.8126309936841186,0.006019488842104582
cuntee,0.60656798754815,0.006665582280748901,0.6646028294078385,0.0073033277956905335
assache,0.7846612592424955,0.009123968130726691,0.7813625845815141,0.009085611448622256
dangler,0.9093246201156657,0.007453480492751358,0.799995376810106,0.006557339154181197
manster,0.8149467137211637,0.008068779343773898,0.7801071570116923,0.007723833237739528
clunker,0.9539077596843023,0.00722657393700229,0.8083990863275867,0.006124235502481717
motor-mouth,0.8482845418634227,0.006525265706641714,0.7473737244480999,0.005749028649600769
cungina,0.0,0.0,0.0,0.0
confuckulated,0.692502185526762,0.010492457356466091,0.706446555359953,0.010703735687272016
'puter,0.914213816738615,0.006771954198063815,0.7897679940571292,0.005850133289312068
numpt,0.711997121506936,0.008279036296592279,0.6994401071988793,0.00813302450231255
skazzy,0.629813093901683,0.00874740408196782,0.5874918385334742,0.008159608868520475
pwd,0.928033365815093,0.0064002301090696065,0.796458427505583,0.0054928167414178145
gunty,0.7229893696650866,0.008310222639828582,0.7166714761004547,0.008237603173568444
douchenoggle,0.5090392057660027,0.006207795192268326,0.6268560775093648,0.007644586311089815
stoopid,0.9715775739869772,0.006939839814192694,0.8133367205640426,0.005809548004028876
frogurt,0.8949652122887256,0.007396406713129963,0.790972125421835,0.006536959714230042
crossfade,0.9331023434435489,0.007711589615235942,0.787410609202549,0.0065075256958888345
dramatical,0.9198603066951283,0.007358882453561026,0.803546269690578,0.006428370157524624
shmup,0.9086256020514183,0.006989427708087833,0.7613646969894506,0.005856651515303467
jel,0.9413099228136803,0.007779420849699837,0.8111704288198959,0.006703887841486743
douchery,0.9523394445606754,0.007269766752371568,0.8098532165622769,0.006182085622612801
marnis,0.5852437062264125,0.007803249416352167,0.5946353913544988,0.00792847188472665
loogie,0.9368962388766507,0.007377135739186226,0.8022710882166152,0.006317095182807994
gaydar,0.9349821784110108,0.006977478943365752,0.8013063628857675,0.005979898230490803
tongue-punch,0.8296308708482597,0.008296308708482598,0.7652360115633497,0.007652360115633497
dece,0.9468084760927136,0.007824863438782756,0.8173257372582573,0.006754758159159152
set-out,0.8847300584861576,0.008847300584861576,0.8034980242844123,0.008034980242844124
pre-owned,0.9563628686473649,0.007300479913338663,0.8054388495367886,0.006148388164402966
soz,0.9702637610026286,0.007700506039703401,0.8125899687981032,0.006449126736492883
horribad,0.947621671519124,0.008312470802799333,0.8049161494728362,0.007060667977831897
hotty,0.9385572382034914,0.007275637505453421,0.8014353773041797,0.006212677343443254
wha-cha-ma-call-it,0.31872967947613834,0.007773894621369228,0.2625107621113494,0.0064027015149109604
screenie,0.954760580284326,0.007178650979581399,0.80024414568468,0.006016873275824662
choter,0.4415705484135728,0.006899539818962075,0.43706787249033213,0.0068291855076614396
prolefeed,0.7854564599395,0.005861615372682836,0.7335892890066709,0.005474546932885603
lunker,0.8253216311309428,0.007713286272251802,0.7905975843860975,0.007388762470898108
ginourmous,0.8945045090736546,0.00758054668706487,0.8009108697283481,0.006787380251935153
taky,0.8804895645089666,0.008004450586445151,0.8104474552096997,0.007367704138269998
baz,0.9135049962436292,0.006049701961878339,0.8035579152481674,0.005321575597669983
benes,0.877549927062608,0.006648105508050061,0.7835126461345353,0.005935701864655571
mazzled,0.0,0.0,0.0,0.0
butt-load,0.9496790259141327,0.007305223276262559,0.8081310524472554,0.006216392711132734
gange,0.9058960876832985,0.007742701604130757,0.8178861120878339,0.006990479590494307
panthress,0.4117958139196973,0.005564808296212125,0.3642201690430511,0.0049218941762574474
hushzone,0.43198707330697683,0.015428109760963458,0.42956906615535795,0.015341752362691355
thang,0.976432533312586,0.006553238478607959,0.8143964034480526,0.005465747674148004
halp,0.9742929044248566,0.006959235031606119,0.8148506719784183,0.005820361942702988
skillz,0.9747044502087604,0.006962174644348289,0.8151313132162065,0.0058223665229729035
vig,0.9322942334203356,0.006957419652390564,0.8124691338882036,0.006063202491703012
mastah,0.9049345460593733,0.007541121217161444,0.8072662639528859,0.006727218866274049
marvy,0.7933156806276472,0.006246580162422419,0.7669511957324716,0.006038985793169068
shore-walker,0.0,0.0,0.0,0.0
whooty,0.8548053079008308,0.008463418890107235,0.7362927884482553,0.007290027608398567
pud-whack,0.31041035301908443,0.011496679741447571,0.2948082129741353,0.010918822702745752
snotlocker,0.3808753559692927,0.003926550061539099,0.6355632420695653,0.006552198371851188
tizight,0.5807846983366939,0.006675686187778091,0.6984667462620933,0.008028353405311417
sheezy,0.8921689989195128,0.007253406495280592,0.8018870254708128,0.006519406711144819
selfie,0.9839094972783526,0.008944631793439569,0.8150706014235956,0.007409732740214505
knobhead,0.9399081340073496,0.007459588365137696,0.8036670519636805,0.006378309936219686
ass-to-mouth,0.8894378497597387,0.007231202030566981,0.7880703716759361,0.006407076192487285
gr8,0.9740924361751236,0.006811835218007858,0.8134608586723855,0.005688537473233465
vid,0.9844636678417927,0.006651781539471572,0.8162208933609999,0.005515006036222972
kthxbai,0.9567636683263706,0.006983676411141391,0.813324217694069,0.005936673121854519
smarty,0.9654687418768999,0.0065234374451141885,0.8128176434791375,0.005492011104588767
explosure,0.8249219618113918,0.008775765551185019,0.768137889977669,0.008171679680613499
fubugly,0.28509765921116853,0.003315089060594983,0.42864579634188277,0.004984253445835846
unbelievabubble,0.4909301996339421,0.006060866662147433,0.5178562604275053,0.006393287165771671
gawd,0.9780254372476235,0.006839338722011353,0.8157605785936336,0.00570461943072471
yup,0.9804156097628663,0.006761486963881837,0.8144004577834668,0.005616554881265288
gattered,0.8206476195887699,0.010657761293360648,0.7847794880027967,0.010191941402633724
dilligaf,0.8044130450606618,0.007588802311893036,0.7882452575484231,0.007436276014607765
unders,0.9442388608878616,0.007434951660534343,0.8080383604408007,0.006362506775124415
pieon,0.5369348842311725,0.013423372105779314,0.5513433667005339,0.013783584167513347
coinkydink,0.9196038882664208,0.007184405377081413,0.7962197165364618,0.006220466535441108
classhole,0.8284386265557755,0.006680956665772383,0.758191612609836,0.006114448488789
assful,0.7851568885337065,0.005948158246467473,0.7652851031303707,0.005797614417654323
physio,0.9493552377106868,0.006371511662487831,0.8040751825447727,0.005396477735199817
beyotch,0.9127491171039405,0.006811560575402541,0.7961336980579835,0.005941296254164056
grampa,0.9579091520829655,0.007043449647668863,0.8106684460905609,0.005960797397724712
shitface,0.9443641008136908,0.007494953181061038,0.8060509551419281,0.006397229802713716
rad-o,0.5535015187477509,0.005535015187477509,0.5564222877879088,0.005564222877879088
gorgy,0.8152456355137512,0.008581533005407907,0.7650006994512335,0.008052638941591932
scheisse,0.9210652110146547,0.007368521688117237,0.8044014029731451,0.006435211223785161
workation,0.7852144860841209,0.007931459455395161,0.7312157010139151,0.007386017181958738
cockold,0.7662578047597223,0.0068415875424975205,0.7156092052390977,0.006389367903920515
whazup,0.6417084706284688,0.008443532508269326,0.6987960110656474,0.009194684356126939
tuneage,0.8697829240010032,0.00790711749091821,0.7567637034468219,0.006879670031334744
pre-funk,0.7723477496128385,0.007572036760910181,0.7284188673937368,0.007141361445036636
capper,0.9416717163759207,0.007299780747100161,0.8029861979169388,0.0062246992086584406
lawtard,0.41411425220653914,0.005672797975432043,0.6190230799496496,0.00847976821848835
cackleberry,0.49525644916115236,0.005758795920478516,0.6542009853152737,0.007606988201340392
beefcurtain,0.6104272605490066,0.006104272605490066,0.628728941771696,0.006287289417716961
wazoo,0.9697833621814191,0.006688161118492545,0.8119533234559788,0.005599678092799854
benchy,0.8239641997708763,0.009809097616319956,0.771940446998521,0.00918976722617287
chud,0.9217208267534648,0.007373766614027718,0.8022411607335004,0.006417929285868003
firement,0.5528540552019031,0.006282432445476172,0.7153123187830508,0.008128549077080122
zoot,0.933059598918152,0.007068633325137515,0.803215697306263,0.006084967403835326
airwolf,0.8326337662937505,0.00676938021377033,0.7746376381989035,0.006297866977226858
srsly,0.97664486674972,0.007288394527982985,0.8151524143590491,0.006083226972828724
sexbot,0.9086923473005651,0.007155057852760356,0.7877928988235489,0.006203093691524007
naa-naa,0.3333123592331778,0.004015811557026239,0.5257986997980282,0.006334924093952147
thxs,0.9537612890501961,0.007012950654780853,0.8132299447572923,0.005979631946744796
dumbmasses,0.46393857352164886,0.004179626788483323,0.5970863882157523,0.005379156650592363
gangbang,0.9658807857372638,0.007317278679827756,0.8116980971299432,0.006149228008560176
cunt-fuck,0.6845589196193057,0.007606210217992285,0.7070658418867585,0.007856287132075094
jabronie,0.8816925170851639,0.008560121525098678,0.7983322057649317,0.007750798114222638
crawesome,0.6932161234060042,0.006932161234060042,0.6775204478770411,0.006775204478770411
dorkery,0.811072839247311,0.00623902184036393,0.7604177226248132,0.005849367097113948
cabeza,0.9295285143732155,0.006545975453332503,0.8062224968449211,0.005677623217217754
trysexual,0.7797773045772086,0.006900684111302731,0.7177230112575125,0.006351531073075332
hossie,0.7337195709925317,0.007642912197838872,0.6915958149341733,0.007204123072230972
dogfood,0.9346778292840736,0.006189919399232275,0.8068389503970416,0.005343304307265176
hax,0.9584019882320886,0.006797177221504174,0.8079219573293183,0.005729942959782399
rez,0.9708475226086708,0.007299605433147901,0.8109706801252651,0.006097523910716279
rassle,0.8604254767507017,0.0068834038140056135,0.7836455538920425,0.00626916443113634
wiggidy,0.8204098156495041,0.007965143841257322,0.7674202023300707,0.007450681576020104
whipper-snapper,0.8945930854939811,0.00693483012010838,0.7947408349902743,0.006160781666591273
loker,0.711619204808034,0.00948825606410712,0.774861462131608,0.010331486161754774
snizz,0.87577233382918,0.00678893282038124,0.7872252861412001,0.006102521597993799
badload,0.0,0.0,0.0,0.0
suckaface,0.2944139145023447,0.003978566412193848,0.33961556471148846,0.004589399523128222
gruely,0.718753413692183,0.010416716140466421,0.7083557760605291,0.010266025740007668
thangies,0.6341287064479355,0.006278502044038965,0.6824515856006219,0.006756946392085366
bestie,0.964584744298807,0.008768952220898246,0.812939740976677,0.007390361281606154
whaddya,0.9656660333073281,0.007100485539024472,0.8114809612068793,0.005966771773579994
bazillion,0.9717805255349063,0.006435632619436466,0.8133367763618575,0.00538633626729707
prettyful,0.8894823872998362,0.0076024135666652665,0.7895899857049313,0.006748632356452404
blumpkin,0.9242731429533996,0.007514415796369103,0.7986354229482447,0.006492970918278412
shiznat,0.8418868133480562,0.006844608238602083,0.8040808503237143,0.006537242685558654
gyal,0.8735663524481247,0.008823902549981059,0.7900705119862576,0.00798051022208341
poopsicle,0.8262251978867073,0.006557342840370693,0.7774335716248828,0.006170107711308594
palmjob,0.4636987645765571,0.014051477714441124,0.45986547955859863,0.013935317562381777
dunzo,0.9317781424400033,0.00870820693869162,0.8094447805537418,0.007564904491156465
pickle-tickle,0.5864680776468274,0.004729581271345382,0.6575412087055963,0.0053027516831096475
hinkey,0.8669217873112062,0.0072850570362286236,0.7868548422546424,0.0066122255651650625
dickism,0.7175216769082877,0.0062393189296372845,0.7687118329749427,0.006684450721521241
hen-dog,0.26535277490420056,0.013267638745210027,0.3100461551352765,0.015502307756763825
doo,0.9773866050436714,0.006834871363941758,0.815723993486309,0.005704363590813349
cattywampas,0.3335777190630893,0.00641495613582864,0.4159157318091082,0.007998379457867464
dipshit,0.9772009255645006,0.006930503018187947,0.816199995568333,0.005788652450839241
aight,0.975367756890316,0.007389149673411485,0.8145955969148019,0.006171178764506075
meatspace,0.9505664566844232,0.006694129976650868,0.801878017882877,0.005647028294949838
raincheck,0.9389119345634067,0.00722239949664159,0.8067423011114968,0.0062057100085499755
blue-baller,0.7241453105651406,0.00965527080753521,0.6831364246312545,0.009108485661750059
ruley,0.7745677120054743,0.008419214260929068,0.7693983011949014,0.008363025012988058
sororiwhore,0.5161117263483606,0.004162191341519037,0.6299498658741431,0.005080240853823735
fucktoy,0.9089963939716663,0.007574969949763886,0.7774962198597932,0.006479135165498277
cloner,0.9122814853082035,0.006859259288031605,0.7878773382325542,0.005923889761147025
alrighty,0.9735109521670392,0.007158168765934112,0.8135788795165579,0.005982197643504102
hooptie,0.8789836420853503,0.007031869136682803,0.777042994602645,0.0062163439568211605
whatshername,0.9108142020627049,0.0069527801684175945,0.7843764038518141,0.00598760613627339
fakegasm,0.0,0.0,0.0,0.0
ciggy,0.9273219530870924,0.007539202870626768,0.7987905591492562,0.006494232188205335
butt-ass,0.8972048383499004,0.007120673320237305,0.7895440656041751,0.006266222742890279
flunkie,0.9027988708467439,0.007339828218266211,0.7969510987197654,0.0064792772253639466
cleezy,0.2736579847475391,0.0033372924969212086,0.25680327524168944,0.003131747259044993
airlocked,0.8567876110365409,0.00732297103450035,0.7819633121953721,0.006683447112780958
wigger,0.924481757732751,0.0071665252537422555,0.7993100236316393,0.006196201733578599
wedder,0.7717501469732481,0.007420674490127385,0.7469164182277866,0.007181888636805641
'vette,0.8456477559122962,0.006711490126288066,0.7636766019366371,0.006060925412195533
b0x0rz,0.6050012625367697,0.004689932267726897,0.6982407332446695,0.005412718862361779
cunt-struck,0.6277884800982324,0.006154789020570906,0.6466420066534366,0.006339627516210163
heinie,0.8761812994164624,0.007009450395331699,0.7902085663650749,0.006321668530920599
fan-fucking-tastic,0.9588883037069654,0.0071028763237553,0.807670615561438,0.005982745300455097
last-year,0.9071687809051138,0.007957620885132577,0.7954406687188216,0.006977549725603698
tanorexia,0.6720553067461523,0.005463864282489043,0.6530869149881583,0.005309649715350881
vapie,0.5844840850081182,0.008006631301481071,0.5484495239135818,0.007513007176898381
geeta,0.7189962321769544,0.0075683813913363625,0.7472573997692279,0.007865867365991873
incel,0.9624719471380053,0.008593499528017905,0.812551350666075,0.007254922773804241
prly,0.9108780781684472,0.007405512830637782,0.8114645791855705,0.006597273001508703
nutso,0.9596391000887624,0.007161485821557928,0.8090558325391716,0.006037730093575907
spendy,0.9631571764554785,0.007296645276177867,0.8096896284797998,0.00613401233696818
beeatch,0.851352769531972,0.0064496421934240305,0.7880177000540327,0.005969831061015399
lame-o,0.944482544160981,0.007101372512488579,0.8051120740632002,0.006053474241076693
sarky,0.9315901471848713,0.007221629047944739,0.8043053797391769,0.006234925424334705
muah,0.9436997746778334,0.007672355891689703,0.8117424370091455,0.006599532008204435
strunk,0.8503471957927194,0.0069700589819075365,0.8022136587821211,0.006575521793296075
fucknut,0.9427154995938644,0.007196301523617285,0.8049870414199467,0.0061449392474805095
siked,0.9424561901034102,0.007853801584195085,0.8025611805371418,0.0066880098378095144
hoser,0.9452432281338018,0.007107091940855652,0.8076540058920607,0.006072586510466622
iunno,0.9585352044921716,0.007730122616872352,0.807899759804802,0.006515320643587113
in-crowd,0.9278855991392558,0.006399211028546592,0.7973237279445934,0.005498784330652368
mofugly,0.5019657456896587,0.00452221392513206,0.5034827323863306,0.004535880471948924
durge,0.8012434463020343,0.0074882565074956475,0.7722119923648469,0.007216934508082681
jas,0.950520393874929,0.007146769878758865,0.8155053250762716,0.006131618985535877
gobbie,0.8242401077575303,0.006868667564646086,0.7775456882875178,0.0064795474023959816
wazzock,0.8322145955902639,0.007705690699909851,0.788283975302247,0.0072989256972430284
poppa,0.9498863591205422,0.007363460148221257,0.8139832355027777,0.0063099475620370365
noice,0.9756726502052533,0.007622442579728541,0.8131614604767897,0.00635282390997492
B.M,0.9840979737832003,0.007029271241308574,0.8145460841567481,0.005818186315405344
chank,0.8081001201183787,0.006906838633490417,0.7968430918902034,0.006810624717010286
wahmbulance,0.8947283455965495,0.006882525735358073,0.7931396522896593,0.006101074248381994
143,0.9802569035065966,0.00720777134931321,0.8173248750559475,0.006009741728352555
f4f,0.8839650198220439,0.00911304144146437,0.7697258721928635,0.00793531827002952
bodice-ripper,0.822438308505736,0.006741297610702753,0.7381320677733714,0.006050262850601404
quader,0.6565778290326658,0.01010119736973332,0.6977973293464441,0.010735343528406832
duckbutter,0.7148457101042636,0.006873516443310227,0.7036088324220395,0.0067654695425196105
nann,0.7892990655071042,0.007241275830340405,0.7933576269998477,0.007278510339448144
skrait,0.7218002658380821,0.007007769571243516,0.7594014578436233,0.0073728296878021685
easy-peasy,0.9542972198955522,0.007068868295522609,0.8094596526963002,0.0059959974273800015
behymen,0.6740526257210955,0.006072546177667527,0.728802096256862,0.00656578465096272
non-bust,0.7558998225021148,0.009568352183571074,0.7188742321460713,0.009099673824633813
riff-raff,0.948994777046919,0.006326631846979461,0.8099114029504425,0.00539940935300295
cave-dweller,0.8315427776039285,0.0074913763748101665,0.7804465863939943,0.007031050327873823
flutterby,0.8393215725037517,0.007771496041701405,0.7787693942317899,0.007210827724368425
iiwii,0.7391059404699379,0.009124764697159728,0.6817641189913449,0.00841684097520179
upboat,0.9719357337360608,0.009345535901308277,0.812496247279101,0.007812463916145202
clunge,0.8919504538002456,0.008035589673876086,0.7835428358331846,0.007058944466965627
pimpmobile,0.8536445077144191,0.0066690977165188995,0.7799233400005608,0.006093151093754382
wipper-snapper,0.6927512629257946,0.006791679048292104,0.7154723698646672,0.007014434998673208
trippy,0.9784101192389468,0.006890212107316527,0.8141569245750041,0.005733499468838057
choochy,0.668071108509848,0.005099779454273649,0.7352312365039783,0.005612452187053269
shnickerdoodles,0.0,0.0,0.0,0.0
deetz,0.9277956547621765,0.009371673280426025,0.8076080508615349,0.008157657079409443
adorkable,0.936480702107849,0.008361434840248651,0.7897056439266795,0.007050943249345353
bogometer,0.6012502808458251,0.004625002160352501,0.6164365815527473,0.004741819858098056
doja,0.8295634375764337,0.007276872259442401,0.7889436114237562,0.00692055799494523
dukey,0.8451948386136334,0.006402991201618435,0.7962815717945497,0.00603243614995871
shmacked,0.8050993662546212,0.010191131218412926,0.7773365776441405,0.009839703514482791
whatchamadingy,0.2931548976685181,0.00375839612395536,0.3177445428096621,0.004073647984739258
tuckus,0.8935181855757768,0.007702742979101524,0.8055551890079894,0.006944441284551633
karena,0.8378695902847174,0.007223013709351012,0.7821442209411781,0.006742622594320501
amaze-balls,0.937741298977837,0.00997597126572167,0.8076162734945087,0.008591662483984136
gay-wad,0.6805042911004321,0.006359853187854506,0.7039537246023657,0.006579006771984726
finito,0.9310654906977234,0.007000492411261078,0.8160156942174565,0.006135456347499672
hellsa,0.7114142333095902,0.007186002356662527,0.7266945154024007,0.00734034864042829
X-rayted,0.3559988296476673,0.003559988296476673,0.5486262299619777,0.005486262299619777
fancy-pants,0.9412894894351095,0.006921246245846393,0.8097336339443664,0.005953923779002694
awsum,0.9282839944144746,0.007195999956701353,0.8070884211808689,0.006256499388998984
de-ass,0.7467388588701258,0.0071117986559059605,0.7571690522720173,0.007211133831162069
deffo,0.9717482738956303,0.00803097747021182,0.8136777991478057,0.006724609910312444
afc,0.9113460323559572,0.007290768258847658,0.7983034449753613,0.006386427559802891
neek,0.8747004856448629,0.00747607252687917,0.8120471119641799,0.006940573606531452
mushies,0.8967022019873153,0.006793198499903904,0.7885197670769395,0.005973634599067724
potna,0.7429362872723884,0.00825484763635987,0.7650062082784098,0.00850006898087122
ruh-roh,0.8783020454307716,0.006970651154212473,0.7956980005775883,0.006315063496647526
afterbang,0.6605937602397016,0.0064764094141147215,0.6511233052536693,0.006383561816212444
pote,0.9153020428227282,0.007756796973073968,0.8241098648319958,0.006983981905355896
tcheyah,0.0,0.0,0.0,0.0
hackish,0.928699143684803,0.006360953038937007,0.7896852116007435,0.005408802819183174
yestergay,0.6832191356369226,0.006764545897395273,0.7396201556896398,0.007322971838511285
lolz,0.9764731386216873,0.006424165385668995,0.814793772366279,0.005360485344514994
howzit,0.8605887220179014,0.006940231629176624,0.8007714308079321,0.006457834119418807
hunny,0.9583220351002797,0.007605730437303807,0.8104577726550432,0.006432204544881295
tryna,0.9767617775560624,0.007344073515459116,0.8134700931962858,0.006116316490197638
kk,0.9768088689712927,0.007078325137473135,0.8152255517910499,0.005907431534717753
moff,0.8438760068648519,0.006805451668264934,0.7900116410444191,0.006371061621325961
jorts,0.9449285066651654,0.0074994325925806776,0.8026997311107918,0.0063706327865935865
shitballs,0.9631752263121761,0.006979530625450552,0.8100414243987576,0.0058698653941938956
gazunga,0.0,0.0,0.0,0.0
dickhole,0.9614573352886067,0.007570530199122887,0.8100194402187286,0.0063781058284939265
ugs,0.8857471748482564,0.007635751507312555,0.7916864721286998,0.006824883380419826
otay,0.9048105777879655,0.00706883263896848,0.8050514790969335,0.006289464680444793
swapap,0.0,0.0,0.0,0.0
thingamabober,0.755186982047446,0.008680310138476392,0.7880097545095598,0.009057583385167354
burnie,0.8938665781874489,0.008126059801704081,0.7903273310710999,0.00718479391882818
schnookered,0.7413306942775868,0.006390781847220576,0.7447686616177949,0.0064204194967051285
jeebus,0.9670413565324016,0.006762526968758053,0.8139509419808139,0.0056919646292364606
cockbag,0.9233080639278219,0.007102369722521707,0.7999173321206732,0.006153210247082101
grommit,0.8576917688116861,0.006260523859939315,0.7809750746966568,0.005700547990486546
re-jigger,0.8912768789988744,0.007750233730424995,0.8078456399165108,0.007024744694926181
lupper,0.7432548029568916,0.006577476132361873,0.7485047265681501,0.006623935633346461
hots,0.9709554365891258,0.006985290910713135,0.8145058903020583,0.0058597546064896285
bo-bo,0.8179894688962325,0.006596689265292197,0.7760609662723098,0.006258556179615402
hog-wild,0.9225743181119171,0.006783634691999391,0.8104954482139772,0.005959525354514539
adorbs,0.9556995277901135,0.008383329191141346,0.8084026011412699,0.007091250887204122
lurpy,0.6981763437587448,0.006233717354988793,0.7484511210609384,0.0066825992951869495
torqued,0.9504300508750284,0.0075430956418653045,0.8104091864739049,0.006431818940269086
candy-ass,0.9072046849867276,0.006770184216318862,0.7949367331092823,0.0059323636799200165
premo,0.9295338567706829,0.007095678295959412,0.8130658786583482,0.00620660976075075
semi-fresh,0.9051217313143384,0.00838075677142906,0.7994980060715529,0.007402759315477341
joyboy,0.717646181353975,0.0064075551906604905,0.7593244072993094,0.006779682208029548
manwich,0.878828090176588,0.007203508935873673,0.7820866359115048,0.006410546195995941
cheesiness,0.9555316959325378,0.007523871621516046,0.8070559795153011,0.006354771492246465
fogie,0.8984289600413679,0.007304300488141202,0.7973768031568903,0.006482738237047888
homedog,0.874377489792969,0.008657202869237317,0.804829057178216,0.00796860452651699
lurve,0.9462033974246812,0.007392214042380322,0.805300252671224,0.006291408223993937
noony,0.668377729667692,0.006489104171530991,0.7568616496781956,0.007348171356098986
hugly,0.9040890593373185,0.006901443201048233,0.8048359403564944,0.006143785804248049
moellered,0.0,0.0,0.0,0.0
wowee,0.9484672662431214,0.007587738129944971,0.8088197272386827,0.0064705578179094616
snazz,0.9236006327131115,0.006944365659497079,0.8031229242552733,0.0060385182274832585
pig-headed,0.9334883595343717,0.006715743593772458,0.8037594686753081,0.00578244222068567
dood,0.9762173819073883,0.007339980315093145,0.8121190441221234,0.006106158226482131
hottie,0.9703913627204286,0.006882208246244174,0.813300268631484,0.005768087011570808
yewy,0.6631951653748975,0.013003826772056814,0.6814061856561484,0.01336090560110095
ID-10-T,0.8528998027180248,0.0067157464780946835,0.7778488106149775,0.006124793784369901
jag-off,0.8493203285655857,0.007077669404713214,0.7932854959442571,0.006610712466202142
nelfie,0.5997541354865169,0.008692088920094447,0.5900464890236162,0.008551398391646613
gibbled,0.8447601254651549,0.007039667712209624,0.7977943155014579,0.006648285962512148
cra-cra,0.8332738213212078,0.009258598014680087,0.7718776689707463,0.008576418544119403
intel,0.9808745475712206,0.006672615969872249,0.815376236377184,0.005546777118212136
funkydelic,0.3183987058491037,0.0036597552396448697,0.2926664929709662,0.0033639826778271978
garden-variety,0.9384630602078943,0.007056113234645822,0.809538753222355,0.006086757543025225
dur,0.9714426387805788,0.007249571931198349,0.814476177491654,0.006078180429042194
choda,0.8083153158114209,0.0065716692342391945,0.774422300286739,0.006296116262493813
woowoo,0.918847828409543,0.007470307548045066,0.8039861355173844,0.0065364726464828
tache,0.911513912342496,0.007790717199508513,0.7999368495877927,0.006837067090493954
mossie,0.8163227230314297,0.008245684071024542,0.7594103713408475,0.007670811831725733
spliffy,0.8137276007733838,0.006118252637393863,0.7774402692594339,0.005845415558341608
hizzouse,0.8833368408975939,0.0070666947271807515,0.7960016472336945,0.0063680131778695555
schmoo,0.8588526157142843,0.006657772214839413,0.789866009396417,0.006122992320902458
u-ie,0.671964803850537,0.006927472204644711,0.7314711650657131,0.007540939846038279
b-ball,0.9419244938956828,0.007301740262757231,0.8028619557793014,0.006223736091312414
doinker,0.7661866187552282,0.00789883112118792,0.7694404179615796,0.007932375442902883
bejesus,0.9611254094926822,0.00728125310221729,0.8109091254607099,0.006143250950459924
egads,0.9313004218649759,0.00674855378163026,0.8084884349647069,0.00585861184757034
hootenanny,0.89652907401732,0.007059284047380472,0.7942854731460881,0.006254216323984946
kief,0.9128091621517496,0.00724451715993452,0.798091730229142,0.006334061351024937
B.G,0.9844675899306462,0.006519652913447988,0.8152030645239152,0.005398695791549108
mukka,0.8021279802317598,0.008443452423492209,0.7822309138102643,0.008234009619055413
assholery,0.9628177416425918,0.006828494621578665,0.8095088260164769,0.005741197347634588
technotard,0.7778081999934856,0.0071358550458117944,0.7322635361803711,0.0067180140933979
f-bomb,0.9422587534405137,0.0068279619814529974,0.8030135211574445,0.0058189385591119165
prereq,0.9469364451455266,0.00686185829815599,0.8113915654261477,0.005879649024827157
bullcorn,0.6885846907485075,0.006496081988193467,0.725114793482669,0.006840705598893104
n/g,0.7940952759474474,0.0071540114950220494,0.713407259770815,0.006427092430367703
sux,0.9748197111960059,0.006676847336958944,0.8148639072559656,0.00558125963873949
schwantz,0.7543641149290803,0.006083581572008712,0.7428713415679579,0.005990897915870628
rassclat,0.4691971952415926,0.005939205003058134,0.5728878642761831,0.007251745117420039
asshattery,0.9528417741863285,0.00680601267275949,0.804299753348954,0.005744998238206814
shedload,0.9382416832383603,0.007505933465906883,0.8079642110023513,0.006463713688018811
argh,0.9726293313274786,0.006616526063452236,0.8154596656115357,0.005547344664024053
hw,0.9723489956545741,0.006896092167762937,0.8147042323244693,0.005778044200882761
titty-twister,0.7828725561667513,0.006364817529810987,0.7579566155170588,0.006162248906642755
nuttso,0.6132918040666704,0.006455703200701794,0.7142920707786319,0.007518863902932967
yabo,0.7685010608256212,0.00800521938360022,0.7457862587605238,0.00776860686208879
workcation,0.8144929182028643,0.008757988367772734,0.7210378710119654,0.007753095387225434
T-Giving,0.7879054726922473,0.00829374181781313,0.7445213557551331,0.007837066902685612
preggies,0.7368522517046635,0.006039772554956259,0.7189675630815043,0.005893176746569708
copy-pasta,0.9601771182708695,0.0072740690778096175,0.8115328439910713,0.006147976090841449
curbstomp,0.9379312948776058,0.007159780876928289,0.8013615862098741,0.006117264016869268
doflicky,0.0,0.0,0.0,0.0
convo,0.9778310743159063,0.007297246823253032,0.8152923204786652,0.006084271048348248
gremmie,0.5798013477249956,0.005418704184345753,0.6642473382699816,0.006207919049252165
lerpy,0.6996804918856326,0.007139596855975843,0.6956034522914907,0.00709799441113766
sassified,0.585293046311535,0.005738167120701324,0.7136570419978999,0.006996637666646078
4ine,0.0,0.0,0.0,0.0
specialton,0.6131725080361873,0.019161640876130853,0.6123244377612479,0.019135138680038997
queif,0.5675768167895449,0.0059744928083109985,0.665627126653215,0.007006601333191737
dog-pile,0.9048141513875461,0.007238513211100368,0.792584426798336,0.006340675414386688
minformation,0.6837399653411693,0.006638252090690964,0.7207673381166021,0.006997741146763127
hoopdee,0.6752502304001105,0.005871741133914004,0.6891048352432764,0.005992215958637186
buggaboo,0.8440828760106887,0.007093133411854527,0.7928801387293494,0.006662858308649995
focker,0.8911573494985309,0.007616729482893427,0.8099191988286458,0.0069223863147747505
thing-a-majig,0.8334522130965123,0.007063154348275528,0.7776489990555916,0.006590245754708403
crippy,0.7685700150375802,0.006513305212182883,0.7700494427735074,0.0065258427353687065
spich,0.7392731123439602,0.008123880355428135,0.7562335930805635,0.008310259264621577
yutz,0.8924885476430506,0.006865296520331159,0.7953578763562473,0.006118137510432672
z's,0.9542702447925702,0.007455236287441954,0.8127664470882408,0.006349737867876881
milsurp,0.877326356315055,0.007132734604187439,0.7736534816542681,0.0062898657045062445
Gap-ish,0.4272797019373778,0.00806188116862977,0.42463078790001285,0.008011901658490809
natch,0.963506007639942,0.00693169789669023,0.8119992168587726,0.005841720984595487
ass-load,0.929545685474146,0.006639612039101042,0.8032303376105263,0.005737359554360902
hax0r,0.9285549660445586,0.006585496213081975,0.7945788077698084,0.005635310693402896
gragg,0.7031703451593977,0.008681115372338243,0.6707477951337983,0.008280836976960474
best-of-breed,0.8633282713452877,0.005833299130711403,0.7590990214525386,0.005129047442246883
weezy,0.9185971777494484,0.007719304014701247,0.7980334884880133,0.006706163768806834
10:30,0.9808977217927743,0.007431043346914957,0.8150928595482151,0.006174945905668296
crunchie,0.8598890309633406,0.0072259582433894165,0.7830276965319487,0.006580064676739065
bruddah,0.9499494931159075,0.0075995959449272595,0.8094792495431887,0.00647583399634551
Ebola-ed,0.0,0.0,0.0,0.0
govie,0.8081455774556792,0.0076240148816573506,0.7588687816506102,0.0071591394495340585
swack,0.8225411835704709,0.00830849680374213,0.7972404996302952,0.008052934339699952
hoo-hoo,0.8609813747444777,0.0068331855138450606,0.7702868710149385,0.006113387865197925
shyeah,0.8026438592594733,0.00637018935920217,0.7736912597734615,0.006140406823598901
133t,0.8584164973913133,0.006603203826087025,0.7904422268057155,0.006080324821582427
k-hole,0.8902560535863204,0.007122048428690564,0.7820908205176736,0.006256726564141389
vio,0.9083345855036479,0.007384834028484942,0.8087649631242645,0.0065753249034493045
plumpkin,0.7582333120880936,0.0069562689182393915,0.7164978107598328,0.006573374410640667
arse-load,0.7325782973245992,0.00805031095961098,0.7506415727231711,0.008248808491463418
bruv,0.9729544607075955,0.008107953839229963,0.8140594105116544,0.006783828420930453
C-bomb,0.8420899162302609,0.006578827470548913,0.7800841507226015,0.006094407427520324
daycation,0.8059829733507231,0.007327117939552028,0.7313313033673968,0.006648466394249062
bollocking,0.9245406519258906,0.006465319244236998,0.799989894246824,0.0055943349248029645
lopitoffamy,0.5888384929697209,0.005076193904911387,0.4932327382975425,0.004252006364633987
shwasted,0.8718233233683927,0.008224748333664083,0.7685569570083879,0.00725053733026781
1337,0.9712102798498371,0.006652125204450939,0.8142789995188683,0.005577253421362112
hogbeast,0.7215269308377177,0.006743242344277736,0.6983880298177455,0.006526990932876126
rawk,0.9247892911277856,0.007059460237616684,0.8036661019328809,0.006134855739945656
booboo,0.9638209260256246,0.007035189241062953,0.8130256893480705,0.005934494082832632
yep,0.9836738870130044,0.0065578259134200295,0.8147481016620757,0.005431654011080505
groutfiti,0.33966844226442827,0.003816499351285711,0.3975910563548311,0.004467315239941923
cherry-tops,0.49851039852949436,0.0039880831882359545,0.57486364376851,0.00459890915014808
flimming,0.658687295622521,0.007749262301441424,0.695521186070077,0.008182602189059729
buggable,0.7627356056831249,0.010169808075775,0.6349511461478279,0.008466015281971039
hurkin',0.6373449958559018,0.006128317267845209,0.6579385731178568,0.006326332433825545
talm,0.8676627246780305,0.00894497654307248,0.7945664871528688,0.008191407084050193
zubra,0.5216542010754769,0.008694236684591282,0.643975816452853,0.010732930274214215
oppo,0.9355382753807657,0.007034122371283953,0.8085057323842907,0.006078990469054817
reggs,0.7159705683028526,0.0066293571139153015,0.7538828554889738,0.006980396810083091
faboo,0.8740034604615292,0.007734543897889639,0.7694060659606262,0.006808903238589612
gooberhead,0.695067465478554,0.005697274307201262,0.6376788706032066,0.005226875988550874
jenkem,0.8936537136677012,0.007206884787642752,0.7908320396067111,0.006377677738763799
whiz-bang,0.9139217435482756,0.006092811623655171,0.7929189169507826,0.0052861261130052175
gee-dunk,0.4903306972754521,0.007318368616051524,0.5372144406061798,0.008018125979196714
lapper,0.8437511664228832,0.006859765580673847,0.7877273890140329,0.006404287715561244
goggs,0.8041738230745069,0.007732440606485643,0.7840621102152654,0.00753905875206986
nutbar,0.917973173328532,0.0066519795168734205,0.7940021580566722,0.005753638826497625
fidiot,0.6638902497008099,0.008403674046845696,0.7325411521514261,0.00927267281204337
grl,0.92598100743741,0.007291189034940236,0.8012487865884553,0.0063090455636886245
ugh,0.9796320399031585,0.006487629403332176,0.81409030525425,0.005391326524862582
wussup,0.8983274808187063,0.007678012656570139,0.8012919384953289,0.006848649046968623
gazonga,0.7328127847912879,0.0060066621704203925,0.7290599721011934,0.00597590141066552
mozzie,0.8691971141729651,0.007624536089236536,0.7892014035968521,0.006922819329796948
puh-leeze,0.8584957999777838,0.006406685074461073,0.7772463622949041,0.005800345987275403
kerplunk,0.8843578972610906,0.007431578968580594,0.7970923617550569,0.006698255140798798
duncle,0.7118567666676082,0.007654373835135573,0.7190441487829266,0.007731657513794909
mani-pedi,0.8921453670549955,0.008184819881238491,0.7820113604635585,0.007174416151041821
sperg,0.9468243087281093,0.008378976183434595,0.8065711831725096,0.007137798081172652
piss-poor,0.9665156670621291,0.006665625290083649,0.8107957794341292,0.005591695030580201
chim,0.9289846538662883,0.007431877230930306,0.8148209771540763,0.006518567817232611
poocher,0.6993971092544985,0.006244617046915165,0.6940636450567577,0.006196996830863908
wedgina,0.0,0.0,0.0,0.0
frum,0.9480874183688596,0.00718248044218833,0.8102954711871235,0.006138602054447905
tweeker,0.9061088829495277,0.007134715613775809,0.784020219240454,0.00617338755307444
jsmh,0.2933716164048269,0.004018789265819546,0.37566375920075984,0.005146078893161094
melty,0.958612322120366,0.007548128520632803,0.80984468751479,0.0063767298229511025
addy,0.9679304972159721,0.006913789265828372,0.8143598557191056,0.005816856112279326
trisexual,0.8646818862145693,0.006862554652496582,0.7672876906060201,0.0060895848460795245
babelicious,0.8288279459593421,0.007083999538114035,0.7162202847737781,0.006121540895502377
pete,0.9722428119277619,0.0064386941187269,0.8158344758999114,0.005402877323840473
pupperazzi,0.3705592809823843,0.003563070009446003,0.46585296122933945,0.004479355396435956
nu-nu,0.7063613288131905,0.005650890630505524,0.7491533169497135,0.0059932265355977085
CopyDog,0.0,0.0,0.0,0.0
twitchet,0.4789001066333475,0.004560953396508072,0.5822000417699296,0.0055447623025707575
pimperistic,0.20483699565677838,0.010780894508251494,0.25643511769557314,0.013496585141872271
shmutz,0.8552751122825187,0.007502413265636129,0.787949234717803,0.00691183539226143
dogg,0.9618770114199607,0.007456410941240005,0.8099227153019319,0.006278470661255286
kooter,0.7175768520132503,0.005519821938563463,0.7404924971377739,0.00569609613182903
leebo,0.6131933437516865,0.00875990491073838,0.6370519836037817,0.009100742622911167
bumder,0.8196194572588698,0.007805899592941617,0.7709084272274409,0.007341985021213723
dirtleg,0.6079109393015245,0.006680339992324445,0.6353610849316182,0.0069819899443034975
dankrupt,0.8720056498796909,0.010023053446892999,0.7773417232387743,0.008934962336077865
skerred,0.8129528504080814,0.006774607086734012,0.7779198033094565,0.006482665027578804
hench,0.9374501581549618,0.007499601265239695,0.8013291630290981,0.006410633304232785
angsty,0.9719895609836973,0.006942782578454981,0.8137433440907449,0.005812452457791035
dandruffed,0.577243033606358,0.008017264355643861,0.6471527310050802,0.008988232375070558
cuder,0.6234133522630518,0.006562245813295282,0.7185346297536243,0.007563522418459203
fucko,0.9455586961999491,0.0076254733564512026,0.8070287234771811,0.0065082961570740415
mofo,0.9763046864092649,0.006827305499365489,0.8142821526162135,0.005694280787525968
blinging,0.9053192702828659,0.007242554162262927,0.8082388436476999,0.0064659107491816
n/m,0.9465081023747589,0.006908818265509189,0.8169747309589596,0.005963319204079997
l337,0.9299391619620795,0.007044993651227875,0.7974010383859973,0.006040916957469677
gitch,0.9037630743300978,0.007172722812143634,0.7901333088583353,0.006270899276653455
grubbling,0.6700410122288821,0.00807278327986605,0.6754730474142795,0.00813822948691903
dreamboat,0.9411870806419983,0.007410921894818884,0.8113012040486216,0.00638819845707576
whatevs,0.975242616784157,0.007501866282955054,0.815270720325492,0.006271313233273015
purp,0.9438785386149685,0.007043869691156481,0.8142708495258711,0.006076648130790083
methican,0.5603542951510422,0.011435801941858004,0.6629026539374199,0.01352862559055959
incelibacy,0.7347139655699706,0.006388817091912788,0.6464687960642715,0.005621467791863231
tiggobitties,0.5948903897487181,0.007931871863316241,0.5869075435777543,0.007825433914370057
caker,0.8051623979992172,0.007386810990818506,0.7772444589558983,0.007130683109687141
a-yo,0.7295458446705251,0.00613063735017248,0.7376387570470752,0.0061986450172023125
bazing,0.8217646018795939,0.007826329541710418,0.7840446459158114,0.00746709186586487
scooby,0.9657763712555484,0.007429049009658064,0.8125886173892176,0.006250681672224751
steely-nerved,0.5780398418533425,0.0071362943438684255,0.5748902149607464,0.007097410061243783
heteroflexible,0.8954109292481479,0.0074617577437345655,0.7556369645527196,0.006296974704605996
ph34r,0.7401015825445478,0.005441923401062852,0.7474343400422393,0.0054958407356047005
compooter,0.8967694559297396,0.0076646962045276885,0.7952876722585747,0.00679733053212457
poonami,0.7526744216668925,0.00672030733631154,0.7157364728106362,0.006390504221523538
kronic,0.8303312642711119,0.007096848412573607,0.7802360656686672,0.006668684321954421
dick-whipped,0.7121022617151205,0.008092071155853642,0.6812685907682802,0.007741688531457729
iite,0.7874511048305638,0.008467216180973805,0.7730315462956219,0.008312167164469052
shatmosphere,0.0,0.0,0.0,0.0
kurva,0.8791336622198033,0.007779943913449586,0.7963641078560953,0.007047469981027393
poonani,0.8724653800389771,0.0064151866179336554,0.7748727889723181,0.005697594036561163
gegs,0.7810866364543481,0.008309432302705831,0.7712848587753395,0.00820515807207808
high-maintenance,0.9496447098193284,0.007477517400152192,0.8098422750564147,0.006376710827215864
doodie,0.9272389291371682,0.006919693501023644,0.8045555786883958,0.006004146109614894
burn-out,0.9494965662004988,0.007033307897781472,0.8054978390349011,0.005966650659517786
cumjunkie,0.51591485752514,0.009212765312948928,0.6410742319308691,0.011447754141622662
whoopty,0.9270029267367735,0.007022749444975557,0.7989566081100304,0.00605270157659114
shagadelic,0.8199506732009337,0.006666265635779949,0.7877042061849799,0.006404099237276259
'splain,0.9287870258778602,0.006634193041984716,0.8028602281843463,0.005734715915602474
cacks,0.8328522615182756,0.007058070012866743,0.7907132023242593,0.006700959341731012
free-ball,0.8215253695222217,0.007536929995616713,0.7593786540691484,0.0069667766428362235
cheyah,0.6483019715348468,0.006548504762978251,0.6467517118632341,0.006532845574376102
bupkis,0.9420639540415309,0.006496992786493317,0.8066844207110384,0.00556334083248992
bbygrl,0.841514025455247,0.010788641351990346,0.7607530661175422,0.009753244437404388
done-zo,0.9099543439374824,0.007338341483366794,0.810007242398351,0.006532316470954444
bewb,0.9050556285171653,0.007669962953535299,0.7865980635897464,0.006666085284658867
d'no,0.7595615458754533,0.007912099436202639,0.7971053208923071,0.008303180425961532
jism,0.9032884102446034,0.007002235738330259,0.7895531720773352,0.0061205672254057
vagetarian,0.7466574173649899,0.0061707224575619,0.7081198822414083,0.005852230431747176
cheeba,0.8697999550868647,0.006958399640694918,0.7864522231718697,0.006291617785374957
rark,0.7599384911851979,0.006908531738047253,0.7581778154919088,0.0068925255953809885
uh-uh,0.922950123095411,0.00715465211701869,0.8037500731124492,0.006230620721801932
zosted,0.0,0.0,0.0,0.0
dudette,0.9668684763968567,0.006445789842645711,0.8135984073790652,0.005423989382527101
nonsumer,0.0,0.0,0.0,0.0
scheisty,0.8339236613041641,0.006365829475604306,0.7825689219099938,0.005973808564198426
guiltware,0.5441333429256677,0.006635772474703265,0.5088432868687822,0.006205405937424174
munt,0.887843961309875,0.007277409518933402,0.801032960706838,0.006565843940219984
amscray,0.7897009600302467,0.0075932784618292955,0.7542310617036123,0.007252221747150118
flamitory,0.6811445765471664,0.008108864006513885,0.7085353260912653,0.008434944358229349
uniball,0.8756305970306529,0.007118947943338642,0.771925968691836,0.006275820883673464
fitty,0.9557005457042038,0.007132093624658237,0.8143279541295266,0.006077074284548706
nuker,0.919440164976871,0.007297144166483103,0.7962998427016621,0.006319840021441763
gunge,0.8805696440273932,0.007792651717056578,0.7929614842489484,0.007017358267689809
vaporware,0.9522637877420771,0.006391032132497161,0.8033897868468485,0.005391877764072808
numpty,0.9543733495793026,0.006673939507547571,0.8078979776635076,0.005649636207437116
perma-fried,0.7963161372840951,0.0066359678107007925,0.7450384343640365,0.006208653619700304
crufty,0.887267602867284,0.00616158057546725,0.7585134576764669,0.005267454567197687
funsies,0.9718869130376471,0.007652652858564151,0.8130585100126206,0.006402035511910399
lugie,0.8243045787355452,0.006594436629884361,0.7704033912349171,0.006163227129879337
cised,0.7904949954555389,0.007457499957127725,0.7533171118588845,0.007106765206215892
wasteman,0.8896930663584539,0.007669767813434947,0.8008971025035809,0.00690428536641018
schnockered,0.8313978447976089,0.006346548433569534,0.7704984844408633,0.005881667820159262
cunted,0.8938241794280399,0.006670329697224179,0.7850460719913235,0.005858552776054653
gayborhood,0.8606766271220921,0.006830766881921366,0.7495369970996569,0.005948706326187754
funky-fresh,0.7792232753033305,0.006717442028476987,0.7715374399189211,0.006651184826887251
humungous,0.9533944544156178,0.006761662797273885,0.8156905589663183,0.005785039425293037
ricockulous,0.857888752496028,0.006808640892825619,0.7997279989453795,0.006347047610677615
tooshy,0.804846244965641,0.006438769959725128,0.774889522025433,0.006199116176203464
somewhen,0.9522551482386791,0.007618041185909433,0.8085778946923949,0.006468623157539159
hucker,0.7370072309283274,0.006761534228700252,0.7735162546771138,0.0070964794007074665
zythology,0.4021857006396307,0.007055889484905802,0.45088689113534164,0.007910296335707749
516,0.9655668795995868,0.006896906282854191,0.8171083276256247,0.005836488054468748
poot,0.9409145516209814,0.007237804243238318,0.8087984636752207,0.006221526643655544
annorable,0.2664387043740223,0.0045937707650693495,0.401611456678582,0.006924335459975552
shnockered,0.7503066525237766,0.006759519392106095,0.7483653960486427,0.006742030595032817
slizzard,0.8205347881886167,0.008288230183723402,0.7953652757478773,0.008033992684321993
manwhore,0.9247691663542159,0.007281646979167054,0.7916320629684869,0.006233323330460527
assilent,0.5427945321608469,0.00753881294667843,0.4719097272003996,0.006554301766672216
pron,0.9633635432273442,0.007298208660813214,0.8131296720478128,0.006160073273089491
idjet,0.7538628016616075,0.0077717814604289425,0.7646643692427786,0.00788313782724514
pee-yew,0.7901758769660502,0.007901758769660502,0.7565831447405561,0.007565831447405561
romcom,0.9431928981506246,0.00773108932910348,0.7992164613785638,0.006550954601463638
k3w1,0.6449953484627046,0.005159962787701636,0.6683697577142069,0.005346958061713656
doiche,0.7555166463172284,0.008888431133143863,0.7540038052566435,0.008870633003019334
thizzle,0.7787938966160358,0.006489949138466965,0.7780178078314833,0.006483481731929028
dumbfuck,0.9670152317187921,0.00700735675158545,0.8113551414656741,0.005879385083084595
wankered,0.8862308295819593,0.007639920944672063,0.7776646145740486,0.006704005298052143
Ph.D,0.970914271542911,0.006516203164717523,0.8150134502506076,0.005469888927856426
beb,0.9301371293652173,0.007882518045467943,0.8101070219693814,0.0068653137455032326
munson,0.7997974305985859,0.007141048487487374,0.7776278775061751,0.006943106049162278
shizz,0.9647220850463597,0.007596236890128816,0.8096583453922216,0.006375262562143477
drats,0.9407258761865515,0.007525807009492412,0.811679355316986,0.006493434842535888
sry,0.9778990085932411,0.007352624124761211,0.8149512799858372,0.00612745323297622
relly,0.9701845782574497,0.006880741689769147,0.8148292667812389,0.005778930970079708
zomfg,0.8847118903236726,0.006911811643153692,0.8026271803496486,0.00627052484648163
5000,0.9822853803461489,0.006774381933421716,0.814353404075423,0.005616230372933952
scoche,0.8085212286255882,0.006316572098637408,0.7925188922286961,0.006191553845536688
ditzy,0.9529320393712019,0.0076234563149696144,0.8039921970946591,0.006431937576757273
psyched,0.9765516864720505,0.0073981188369094735,0.8144113385832864,0.0061697828680552
hizzy,0.9132419503552013,0.0070793949639938085,0.7989671049540091,0.006193543449255884
pape,0.9068264141953826,0.0076203900352553155,0.8117650178912929,0.006821554772195738
niggerfaggot,0.8885582222346213,0.007052049382814455,0.7783458459722528,0.006177347983906768
gosh,0.980566079070006,0.006580980396442993,0.813449638943388,0.0054593935499556235
scrillas,0.6162097035415719,0.006418851078558041,0.6711162770271161,0.006990794552365793
screamo,0.948855285858058,0.007714270616732179,0.8001845826883065,0.006505565712913061
fit-shaced,0.6305761600575718,0.008189300779968465,0.6945209413894526,0.009019752485577306
ent,0.9719822755921871,0.007653403744820371,0.8150914005657566,0.006418042524139815
5ux0r,0.0,0.0,0.0,0.0
skippy,0.9668915292242245,0.007006460356697279,0.8129533853805462,0.005890966560728596
donk,0.9561652619832817,0.00771101017728453,0.8101463982972236,0.006533438695945352
pooey,0.9085909694816218,0.007699923470183235,0.803370517310043,0.006808224722966467
slimeball,0.9493608138900689,0.006879426187609195,0.8069597698305299,0.005847534563989347
candy-coat,0.8607112188229602,0.006941219506636776,0.7696304896107562,0.006206697496860937
obvi,0.9701262934235781,0.007462509949412139,0.8155677207110035,0.006273597851623103
fanboy,0.9749231331094237,0.006587318466955565,0.8133720911625962,0.005495757372720245
ass-backwards,0.9600813943017724,0.007059422016924798,0.8100631486567335,0.005956346681299511
mipple,0.7178227302642705,0.007718523981336241,0.7087564818061768,0.007621037438776094
humanure,0.7874304581105317,0.006057157370081013,0.7505677590547727,0.005773598146575174
capeesh,0.831835746940433,0.0063017859616699475,0.7741582577723387,0.005864835286154081
shash,0.871862932681998,0.007715601174176973,0.8024439158814897,0.00710127359187159
yapper,0.9061877058612432,0.007135336266623962,0.801529030123378,0.006311252205695889
low-bandwidth,0.9098185183976588,0.006452613605657155,0.7802235747037276,0.005533500529813671
slimebag,0.8855680668160297,0.006760061578748319,0.7707449461993263,0.005883549207628445
shiznik,0.7343357228727448,0.008955313693570058,0.7358897240701873,0.00897426492768521
vurp,0.7221285080591129,0.00547067051559934,0.7570073887845242,0.00573490446048882
gwop,0.8207126960409805,0.007742572604160194,0.7775701245500108,0.0073355672127359516
jagbag,0.7614114651615197,0.007251537763443045,0.7562724438610128,0.007202594703438217
towney,0.7956416068588156,0.008287933404779329,0.7355327385127746,0.007661799359508069
loal,0.8626499097797126,0.006739452420154004,0.8051468926144109,0.006290210098550085
ratchetastic,0.0,0.0,0.0,0.0
beautimus,0.873183992912033,0.007337680612706159,0.7953643576486652,0.006683734097887943
boogin,0.6965390280180782,0.007915216227478162,0.7420489852100643,0.00843237483193255
taddies,0.5835451363711049,0.006274678885710806,0.6556478494914241,0.007049976876251872
ponyride,0.6581904613933043,0.00632875443647408,0.6022974186154282,0.0057913213328406555
chong,0.9538792912376336,0.007172024746147621,0.80978047422269,0.006088574994155564
shut-eye,0.9160761163313653,0.007508820625666929,0.7966759211879295,0.006530130501540406
mathemagician,0.8905031882628022,0.007420859902190018,0.7985505701467936,0.006654588084556614
hivemind,0.9720862716989346,0.007364289937113141,0.8128808166458787,0.006158188004893021
loveshy,0.7597879848244313,0.006438881227325689,0.5894790835758142,0.004995585454032324
trollied,0.8272701237857847,0.0071936532503111715,0.7748834462677976,0.0067381169240678055
dudekind,0.5371797214892171,0.0057761260375184635,0.6050645129718261,0.006506070031955119
man-slut,0.8694389581944975,0.0071265488376598156,0.7438861547334777,0.006097427497815391
buttrocker,0.6231048094778694,0.009300071783251781,0.670058164137232,0.010000868121451224
schnozz,0.9024152162669596,0.007162025525928251,0.7932114446262825,0.006295328925605416
bisnotch,0.4273095299527758,0.006104421856468226,0.43724600889492443,0.006246371555641778
cunty,0.9668372806082516,0.007324524853092815,0.8116676801755107,0.0061489975770872025
egosurf,0.20397787992864702,0.0036424621415829827,0.4199875152061467,0.007499777057252619
latro,0.780948845066134,0.006507907042217783,0.7654255015040656,0.006378545845867213
stepdude,0.4279739352316211,0.005862656647008508,0.4644155416290966,0.006361856734645159
B4,0.9734836336465694,0.007264803236168429,0.8153784587978127,0.006084913871625468
kajillion,0.9425878320609649,0.007034237552693768,0.8054620000008175,0.006010910447767294
pisstivity,0.7588322048922883,0.008072683030769025,0.7127659153549041,0.007582616120796852
preash,0.7387342708982122,0.007776150219981181,0.7336258166484899,0.0077223770173525256
doodee,0.7848713931283092,0.007007780295788475,0.7746596449648849,0.0069166039729007586
sando,0.8690985410899108,0.007492228802499231,0.7919383104669608,0.006827054400577248
wassuper,0.6624048597424966,0.013518466525357074,0.6240144117287919,0.01273498799446514
donezo,0.9536876568732211,0.008912968755824497,0.8118681183296352,0.0075875525077536005
flibby,0.7020766693192814,0.006000655293327191,0.7271901578305145,0.0062153004942779025
m8,0.9798010715836173,0.007151832639296476,0.8148215237205781,0.005947602362923928
splurk,0.46324479766610055,0.004454276900635582,0.5928657516134305,0.005700632227052216
toonie,0.9159220817915895,0.006886632193921726,0.7985461858122495,0.006004106660242477
caca,0.9464246945642939,0.007062870854957417,0.810367611581679,0.006047519489415515
schmutz,0.9097726103240302,0.007336875889709921,0.7990152142252142,0.006443671082461405
squeege,0.8307475383634492,0.007692106836698603,0.7582045977145743,0.0070204129418016134
heydude,0.7273655245173918,0.007061801208906716,0.7035513051490522,0.006830595195621866
hoebag,0.8651073024617562,0.007394079508220138,0.7744198509307928,0.0066189730848785705
bday,0.9762801089157594,0.00728567245459522,0.8128273966220971,0.006065876094194755
froyo,0.9390532916260516,0.008615167813083042,0.7994521124873243,0.007334423050342424
jaja,0.96115657556963,0.007628226790235159,0.813013826281636,0.006452490684774889
shawty,0.9377319549407325,0.007562354475328488,0.8043133699371963,0.006486398144654809
fapper,0.9187494817868408,0.007291662553863816,0.7957703727302787,0.006315637878811736
jinkies,0.9029583716662883,0.00820871246969353,0.8000612891955984,0.007273284447232712
brain-freeze,0.851946937962703,0.0071592179660731345,0.7881943417851954,0.006623481863741138
champers,0.8836662364012876,0.0071263406161394165,0.7998792102308534,0.0064506387921843015
ichiwawa,0.47252986054899376,0.005026913410095678,0.5438792274238216,0.005785949227912995
prolly,0.979336884754054,0.006617141113203068,0.8157434433464998,0.005511780022611486
jeebies,0.9548227664909142,0.00723350580674935,0.8083537797478093,0.006123892270816737
shotter,0.9071870337343523,0.008322816823250938,0.7888454303010505,0.007237114039459178
special-case,0.898435365193236,0.0061961059668499035,0.7933457953110726,0.005471350312490156
shitfucker,0.8632886836044659,0.006797548689798944,0.7847326826590193,0.006178997501252121
jag-fuck,0.0,0.0,0.0,0.0
crap-o-mundo,0.0,0.0,0.0,0.0
WaHo,0.8046070623148096,0.007248712273106393,0.7395722010008091,0.006662812621628911
tony,0.9754314716185568,0.007279339340436991,0.8144363430871904,0.0060778831573670925
jerkwad,0.9394353585318311,0.007063423748359632,0.8023055085588131,0.006032372244803106
jalopie,0.6347869870513133,0.007381244035480387,0.7245131504143905,0.0084245715164464
papa-stopper,0.0,0.0,0.0,0.0
shiznot,0.46034969024193834,0.0051149965582437595,0.5613198640928385,0.006236887378809317
rapid-fire,0.9627696741011582,0.006685900514591376,0.806797959489478,0.005602763607565819
stouty,0.8152018594821709,0.007914581160021077,0.7487358894521803,0.007269280480118255
twomp,0.6884762549029534,0.007025267907172994,0.7161178556383934,0.007307325057534626
fuckable,0.9515550156474225,0.006654230878653304,0.8067431249960827,0.005641560314657921
headbin,0.466644975654981,0.004860885163072718,0.5673372632169119,0.005909763158509499
dingis,0.752044221233265,0.009400552765415812,0.7791972094054157,0.009739965117567697
what-cha-ma-call-it,0.7108384470349903,0.006769889971761813,0.7406291225215886,0.0070536106906817966
bch,0.9029001272358996,0.008438318946129904,0.8151364576169612,0.007618097734737955
antwacky,0.6399405389220495,0.011033457567621544,0.6173291016125325,0.010643605200216079
wardy,0.8117723300847361,0.009121037416682428,0.7367236574492717,0.008277793903924401
borked,0.9679405677372829,0.006629729916008787,0.8101130268196881,0.005548719361778686
pee-ew,0.6530289364402182,0.005352696200329657,0.6850363407258049,0.005615051973162335
assorific,0.0,0.0,0.0,0.0
tighties,0.9026274739787162,0.0073384347477944405,0.7956423063018443,0.00646863663660036
schmeckel,0.7708066634763422,0.006477366919969262,0.7606080333749491,0.006391664146007976
snorbs,0.5387133913179568,0.004644080959637559,0.5984078385107877,0.005158688263024032
slitch,0.6726374985364975,0.004703758731024458,0.740890353044096,0.005181051419888783
neener,0.9419598056087963,0.006496274521439974,0.810313112250145,0.0055883662913803105
prezzie,0.8948286162085988,0.008285450150079619,0.7970132987293865,0.007379752766012838
brony,0.9624775546126569,0.009079976930308084,0.8072617660609435,0.007615677038310787
schwasted,0.8808278991472119,0.007794937160594796,0.7732536705078008,0.0068429528363522195
doger,0.8801748946756294,0.007522862347654952,0.7945120488320043,0.006790701272068413
gyeah,0.73143469416386,0.007463619328202653,0.726019814403671,0.007408365453098684
kwif,0.2833033465754006,0.012317536807626114,0.29170956370092765,0.012683024508735985
willie,0.9571486053395903,0.00719660605518489,0.8130302891554907,0.006113009692898426
zoom-in,0.9495758088580917,0.007248670296626654,0.8004707353251473,0.00611046362843624
douchey,0.9760785824571735,0.007284168525799802,0.8145651199632793,0.0060788441788304426
buttlove,0.7685178350086279,0.006148142680069023,0.7719913678969694,0.006175930943175755
fifty-eleven,0.6737876512076236,0.006070159019888501,0.7388524253769285,0.006656328156548905
breezer,0.8808890593520435,0.007727097011860031,0.7855652324035429,0.006890923091259149
bzzt,0.9121208374332258,0.007070704166149037,0.7953597332900999,0.006165579327830232
assclown,0.956397915671366,0.0068314136833669,0.810039770212403,0.0057859983586600215
cuntbag,0.9349282570980739,0.007247505868977318,0.7990010590920773,0.006193806659628506
fav,0.9810174236403484,0.006584009554633211,0.8137492345825111,0.005461404258943028
nipply,0.9030455419278492,0.007167028110538486,0.7889674553314435,0.006261646470884472
sko,0.8816746229477092,0.007872094847747403,0.8123099072485527,0.007252767029004935
flamatory,0.8132001591861164,0.00856000167564333,0.7821141444625814,0.008232780468027173
fauxgasm,0.0,0.0,0.0,0.0
blargh,0.95125481999089,0.0065603780689026895,0.8084108230360412,0.0055752470554209736
spankies,0.8499531997225295,0.008094792378309805,0.7708845324572858,0.007341757451974151
sorostitute,0.8402751289762769,0.006722201031810215,0.7419241854227574,0.005935393483382059
ratard,0.8283986392135266,0.007396416421549345,0.7841050716278811,0.007000938139534653
tata,0.9433992585284627,0.007201521057469181,0.8151412213147906,0.006222452071105272
granpa,0.9406333528924841,0.007126010249185485,0.814836645348381,0.006173004889002886
fuck-load,0.9014617291575622,0.0067779077380267835,0.8009396672310368,0.006022102761135615
buy-in,0.9643155103672385,0.0067434651074632064,0.8123084887926217,0.005680478942605746
wep,0.9401265360466082,0.006395418612561961,0.7928863316703842,0.005393784569186287
shittles,0.8322998624385964,0.006712095664827391,0.7863359962135806,0.00634141932430307
chuckle-fuck,0.8102379675770908,0.008528820711337797,0.7613036842001224,0.008013722991580235
jels,0.8447976240447067,0.009492108135333783,0.7681438213883183,0.00863082945380133
MySpace,0.9717027408856258,0.006565559060038012,0.8123288036794352,0.005488708132969157
mackadocious,0.6037913811407003,0.006289493553548961,0.5869247207301971,0.0061137991742728865
yeppir,0.4216763471258446,0.006912727002063026,0.40359578961467735,0.006616324419912743
twunt,0.8829629955294668,0.007178560939263958,0.7852894245995906,0.006384466866663338
cuete,0.6955651841456753,0.0068192665112321105,0.7032600489469805,0.006894706362225299
psychonaut,0.9118659691034378,0.006960808924453723,0.7840023208358657,0.005984750540731799
barnpot,0.4848518169007757,0.010774484820017239,0.39109793113946045,0.008691065136432455
donorcycle,0.7364627095038199,0.005891701676030559,0.713052321546285,0.00570441857237028
close-talker,0.7784437908155251,0.0069503909894243305,0.7372197477257816,0.00658231917612305
hunge,0.8478018946306816,0.007065015788589013,0.79649582984457,0.00663746524870475
do-hicky,0.7982348467134635,0.007064025192154544,0.7772566473679976,0.006878377410336262
polyg,0.6626467029191153,0.006024060935628321,0.7081119414685383,0.006437381286077621
dicksmack,0.7688091591554962,0.006101659993297589,0.7616396260024504,0.006044758936527384
'rents,0.9263579519893751,0.007294157102278544,0.7956060339588359,0.006264614440620755
G-pop,0.6174155482570958,0.006937253351203323,0.7062592829492772,0.007935497561227833
throbber,0.8911060402963169,0.006750803335578159,0.7930535267607974,0.0060079812633393745
jankety,0.8243886367104182,0.008082241536376648,0.8019014126534174,0.00786177855542566
mota,0.8793143937114752,0.007327619947595627,0.8131684584948429,0.006776403820790357
sneakernet,0.8805048860103898,0.006620337488799923,0.7688871395493306,0.005781106312400982
frindle,0.7675099985649048,0.0068527678443295065,0.7575294601594917,0.006763655894281176
cor,0.9600504480468601,0.007805288195502928,0.8182267711149005,0.006652250171665858
awiiyy,0.0,0.0,0.0,0.0
horch,0.637603381154333,0.007871646680917692,0.71458278536495,0.00882200969586358
whockerjawed,0.0,0.0,0.0,0.0
jughead,0.8690419451521564,0.006897158294858384,0.7780351154393805,0.006174881868566512
me-ow,0.8628122772709261,0.00770368104706184,0.7739431542492096,0.006910206734367943
piss-fart,0.6963724386012884,0.0059519011846263965,0.7251830907263037,0.006198146074583792
B.A,0.9846004837020778,0.006743838929466286,0.8152381574388482,0.0055838229961564945
booey,0.8826628503401489,0.007118248793065717,0.7895170363908441,0.006367072874119711
griefer,0.9304008702774744,0.0072124098471122045,0.7963025310935746,0.006172887837934687
flip-side,0.9614679910100237,0.007069617580956056,0.8091035374907326,0.005949290716843622
pussyquake,0.31083582979452296,0.0024669510301152616,0.3064094492256924,0.0024318210256007336
blowcaine,0.6826217207111522,0.007185491796959497,0.7558047307907828,0.007955839271481925
c-word,0.931570002933471,0.007165923099488239,0.8021167823844993,0.00617012909526538
cream-crackered,0.4716344426245905,0.004491756596424671,0.6031839892974347,0.0057446094218803305
slore,0.8494259530448827,0.006741475817816529,0.7434376315960994,0.005900298663461106
slumpbuster,0.8263692812387187,0.007444768299447916,0.7211515578609647,0.006496860881630313
murkin,0.8432494237760843,0.007027078531467368,0.789571240697754,0.00657976033914795
factchecker,0.8186804916012842,0.006395941340635033,0.7312442706691783,0.0057128458646029555
bini,0.8551657461208805,0.007845557303861288,0.8064944969432012,0.007399032082047717
fungry,0.6433418135404505,0.005546050116728022,0.7396735624562814,0.006376496228071391
o-dark-thirty,0.7605542029170875,0.0067906625260454245,0.7363049410581132,0.006574151259447439
b4k4,0.5013530904224546,0.0062669136302806825,0.5004768999691527,0.006255961249614408
qual,0.9601407319207589,0.007219103247524503,0.8175118771321376,0.006146705843098779
TT4N,0.31413936417997457,0.0031731248907068137,0.2373363003361112,0.002397336367031426
hodger,0.567036963911152,0.007000456344582124,0.5568230702852534,0.006874358892410535
kram,0.8393866278724769,0.007918741772381856,0.8079697337315854,0.0076223559785998625
bby,0.9745716837644188,0.008054311436069578,0.8147564103877606,0.0067335240527914095
futanaria,0.7216628207884743,0.007517321049879941,0.7235966881389484,0.007537465501447379
jumpoff,0.8789534190241748,0.007031627352193398,0.7958489278102191,0.006366791422481753
tushy,0.9220887282032832,0.00743619942099422,0.80480865923881,0.00649039241321621
ganje,0.8010652393718554,0.008432265677598477,0.7202332347952932,0.0075814024715294024
bimho,0.49007016231406275,0.009609218868903192,0.4436770256186494,0.008699549521934302
chacne,0.9228397825001348,0.00809508581140469,0.8063347962003343,0.007073112247371354
werd,0.9580613895537348,0.0068925279824009695,0.810334410144488,0.0058297439578740146
doder,0.6660048906876923,0.008122010862045028,0.6960198646654765,0.008488047130066786
brown-noser,0.8927989791367942,0.007085706183625351,0.7846487172240986,0.00622737077161983
skewl,0.9096583290760564,0.007580486075633803,0.7983047182496525,0.006652539318747105
nummah,0.5575011292453966,0.008446986806748434,0.6889120277357473,0.010438061026299203
tardnation,0.7546559649538042,0.011978666110377843,0.7127252092889543,0.011313098560142133
fooey,0.8948643998492726,0.007102098411502163,0.8049673495604152,0.006388629758415993
repug,0.7746105801614614,0.005824139700462116,0.7319847921453787,0.005503645053724652
cuntosaurus,0.7302419742455318,0.006889075228731433,0.7338815316054869,0.006923410675523461
teh,0.9784307521947844,0.006522871681298562,0.8157945570316386,0.005438630380210924
assplosion,0.8149211749000316,0.006467628372222473,0.7744607969437374,0.006146514261458233
bootsey,0.4440449681152597,0.007279425706807536,0.5109664088712121,0.008376498506085446
preggers,0.951014797214277,0.0071504871970998266,0.8076863581176,0.006072829760282707
queenie,0.8855860511312632,0.0074418995893383464,0.8002082078408874,0.006724438721351995
optionable,0.8963768389353026,0.009337258738909402,0.7785528281180341,0.008109925292896189
boomtown,0.9087286934972818,0.00678155741415882,0.7998055230112706,0.00596869793291993
whopperjawed,0.640791655226603,0.00547685175407353,0.6407463195308555,0.005476464269494491
sinse,0.9425737358740838,0.007663201104667347,0.8085107352655356,0.006573258010288908
ridonculous,0.9305970560919117,0.007565829724324485,0.8148731944312854,0.006624985320579556
brainfuck,0.9263104437422137,0.006258854349609553,0.8020549625113171,0.005419290287238629
cringeworthy,0.9748985847488234,0.0075573533701459175,0.8134160537885157,0.006305550804562137
fifty-footer,0.43833056717933644,0.005281091170835379,0.42585652952832626,0.005130801560582244
poopy,0.9722684853657529,0.007310289363652278,0.8148584793849994,0.00612675548409774
fappable,0.9191053884409858,0.0072944872098490935,0.7845036250084739,0.0062262192460989995
totty,0.8678056403239167,0.006998432583257393,0.7761269572763653,0.006259088365131978
partna,0.8802941460028187,0.007930577891917286,0.8108951376078966,0.00730536160007114
smusher,0.758260225675274,0.006651405488379596,0.7513694480724435,0.006590960070810908
scoash,0.35244244975309796,0.027110957673315228,0.3865089359474602,0.029731456611343094
hoasis,0.47993646815896207,0.005216700740858283,0.5463353794092523,0.00593842803705709
ppl,0.985230474631149,0.0065682031642076595,0.8151164168149709,0.0054341094454331395
mothereffing,0.8770256676700408,0.007308547230583673,0.8080427729053055,0.006733689774210879
butterhead,0.7617729962055609,0.006510880309449239,0.7618329450996393,0.00651139269315931
freshies,0.9180767540262057,0.007714930706102569,0.8067536485654305,0.006779442424919584
shell-toe,0.6086395269757848,0.006995856631905573,0.6928442529158328,0.007963727045009573
boid,0.8505701210376244,0.006804560968300995,0.7843198184171833,0.0062745585473374665
loonshit,0.4147035051176897,0.009215633447059772,0.42754735313109116,0.009501052291802026
donkey-faced,0.7111121902894382,0.0069040018474702735,0.6992453501509358,0.006788789807290639
awky,0.7579618198748318,0.0080634236156897,0.7271778229101034,0.007735934286277695
capish,0.8315942122223511,0.006599954065256755,0.8037894908593204,0.00637928167348667
woohoo,0.9752394018880717,0.006634281645497086,0.8153071631938944,0.005546307232611527
crap-load,0.9327079193406381,0.007119907781226245,0.8105112498095195,0.006187108777171904
schwacked,0.8327523739509551,0.008497473203581175,0.7789444552722957,0.007948412808900976
psh,0.9683910068638024,0.007173266717509647,0.8135097989306224,0.006025998510597203
jerk-face,0.8833692192374699,0.008179344622569166,0.7841481626273856,0.007260631135438756
cramazing,0.6360208498560818,0.006989240108308591,0.6955931691562023,0.007643880979738487
stu,0.9520130218762163,0.0072122198626986085,0.8091139413366598,0.0061296510707322715
negatory,0.9447531627989493,0.0074980409745948355,0.8083332579036397,0.006415343316695554
takillya,0.5521029322061113,0.006732962587879406,0.6223312701720787,0.007589405733805838
dang,0.9804858023772024,0.00671565618066577,0.8146281293039173,0.005579644721259707
ghetto-style,0.8275674552053423,0.006673931090365663,0.7800022170523684,0.006290340460099745
auto-fellatio,0.8824719243321301,0.007116709067194598,0.7841761344266958,0.006324001084086256
fucktastic,0.8984374407230525,0.00718749952578442,0.7939013905010817,0.006351211124008653
rageahol,0.8321706978824327,0.006877443784152336,0.7727543015380451,0.006386399186264836
gangstar,0.8564015954995741,0.007382772374996328,0.7949904144561126,0.00685336564186304
boogey,0.9455923308708986,0.007163578264173474,0.8100770484086746,0.0061369473364293525
gronked,0.7766857132813837,0.005883982676374119,0.7696014253611918,0.005830313828493877
gyner,0.5293842369860796,0.0065356078640256745,0.5540520551317654,0.006840148828787227
shitass,0.933125176805937,0.007347442337054622,0.8063878910537581,0.006349510953179197
celeb,0.9715665424307119,0.006794171625389594,0.812275209820119,0.0056802462225183144
flapdoodle,0.7908061322874049,0.006178172908495351,0.7727115687297863,0.0060368091307014555
freakshow,0.9525425379846372,0.00656925888265267,0.8101298751327942,0.0055871025871227185
ijit,0.8309530412694661,0.006295098797495955,0.7758514530959311,0.005877662523454023
femmullet,0.4994624725454653,0.004582224518765736,0.561293664075027,0.005149483156651624
neato,0.9721459287561102,0.006894651976993689,0.8120279453698788,0.005759063442339566
dooker,0.8073536979885998,0.007545361663444858,0.7695381264859056,0.007191945107344912
aiight,0.9449446791950629,0.007559557433560503,0.809614120763599,0.0064769129661087915
scunt,0.8226528293948429,0.006913048986511285,0.7784162144305072,0.0065413127263067835
hve,0.972647979690134,0.007658645509371133,0.8148892657675846,0.006416450911555784
r/tard,0.6663828207998164,0.005374055006450132,0.7070773096966664,0.005702236368521503
cris,0.9307160365158117,0.007159354127044705,0.811397902698386,0.006241522328449123
cooch,0.9432035472606726,0.0073687777129740045,0.8035962923770121,0.006278096034195407
lunk,0.9208874574385217,0.006923965845402419,0.8099077029800803,0.006089531601353987
chut,0.891607632702762,0.006965684630490328,0.8086335948095761,0.006317449959449813
skullett,0.6167790773211393,0.006561479545969568,0.6427955913917609,0.006838250972252775
omgwtfbbq,0.9161376306014638,0.006940436595465635,0.80625631396174,0.00610800237849803
ef,0.9603661044494357,0.006577850030475587,0.8150318261938809,0.005582409768451239
dirtmonger,0.5136314779409104,0.007782295120316823,0.5022948351582179,0.007610527805427545
manizer,0.7764996315860102,0.006580505352423815,0.7146492747989166,0.006056349786431496
yosi,0.799502237681107,0.010519766285277723,0.7125113520500131,0.00937514936907912
fetchin',0.7841051527090716,0.006878115374640979,0.7655357311205407,0.00671522571158369
dumb-fuck,0.8991269977667204,0.006760353366667071,0.7916057393006467,0.005951922851884561
hickhop,0.4953445471248301,0.008255742452080501,0.6881258003289721,0.0114687633388162
narcasm,0.0,0.0,0.0,0.0
ahlie,0.7924359348065082,0.0100308346178039,0.7785023503853167,0.009854460131459705
nerdery,0.9346651668939627,0.00682237348097783,0.8012249505403138,0.00584835730321397
do-do,0.9276203073530911,0.007027426570856751,0.8032528350022737,0.006085248750017225
fuq,0.9731182040592588,0.007543551969451618,0.8138379461865006,0.006308821288267446
manorexic,0.7807472383174088,0.006730579640667317,0.7083377424130041,0.006106359848387966
warez,0.9441006019551936,0.006511038634173749,0.7965384230488725,0.00549336843481981
hoochie,0.9114955859680127,0.007350770854580748,0.7898910290429557,0.006370088943894804
hoopy,0.9242608960904096,0.007055426687713051,0.8052118068820548,0.006146655014366831
fuckery,0.9744387850203753,0.007326607406168235,0.813824446046682,0.006118980797343474
ridonkulous,0.9491582116545596,0.007245482531714195,0.8097504793367422,0.006181301368982765
glitterati,0.8701725499617972,0.006398327573248508,0.7882936731732522,0.005796277008626854
shizo,0.8251086596266485,0.00649691857973739,0.7733403723268841,0.006089294270290427
celebutard,0.7483323683923896,0.005986658947139117,0.7379940922913898,0.005903952738331118
fuckchop,0.6310773018075782,0.005897918708482039,0.7064237344657012,0.006602090976314964
abso-fucking-lutely,0.9555671454743997,0.007407497251739533,0.8097245184489655,0.006276934251542368
rapey,0.9686621396596387,0.0077492971172771095,0.8114856685177703,0.006491885348142162
virch,0.6327453544968549,0.01506536558325845,0.5945720386018899,0.014156477109568808
doubleplus,0.9017494433391597,0.006883583536940151,0.7969654318335908,0.00608370558651596
cocksmoker,0.8608833773640175,0.006942607881967883,0.7854176127020376,0.006334013005661593
deece,0.9165143618737613,0.007512412802243945,0.8094667501739826,0.006634973362081824
sexploit,0.7395163216007618,0.008500187604606456,0.7234747327704807,0.00831580152609748
skeered,0.8992628461663699,0.006761374783205788,0.8045192092959227,0.006049016611247539
kitteh,0.9449701922428758,0.007382579626897467,0.8078692427471426,0.006311478458962051
hedgie,0.8976909317289339,0.007124531204197888,0.7674052534044827,0.006090517884162561
bizarro,0.9661534307144285,0.006803897399397384,0.8131320180444179,0.005726281817214211
bumfuck,0.9604917043086368,0.007167848539616693,0.809919418538567,0.0060441747652131865
tronk,0.7626265649203193,0.008568837808093475,0.7739314956873206,0.008695859502104726
insituate,0.48736245783006427,0.015721369607421428,0.46228563870403905,0.014912439958194808
crabbit,0.745026998871323,0.007602316315013499,0.773067666531093,0.007888445576847888
biffle,0.8361859285019307,0.008118309985455638,0.7394083293148432,0.007178721643833429
asf,0.9731832744042137,0.007372600563668286,0.8130960883782926,0.006159818851350702
sizzler,0.8955326471658832,0.006996348805983463,0.7923798673119067,0.006190467713374271
'toon,0.8705849530249252,0.006964679624199402,0.774937196187933,0.006199497569503464
pissivity,0.31355194513432083,0.0031355194513432083,0.552075276946076,0.00552075276946076
boink,0.9435117124847474,0.007371185253787089,0.8046454082167946,0.006286292251693708
e-,0.9549322523812181,0.006820944659865844,0.8143161335963083,0.005816543811402202
misc,0.974740462002072,0.006962431871443371,0.8156624410067073,0.005826160292905052
mmm,0.9785404408997781,0.006748554764826056,0.8146542378606817,0.005618305088694356
bogosity,0.7728317428931785,0.00540441778246978,0.7529891497677947,0.005265658389984579
unfuck,0.9574200030386755,0.006695244776494234,0.8077089454099985,0.005648314303566423
likey,0.9756360329753235,0.006775250228995302,0.8136170816005432,0.005650118622225995
blargy,0.7805454949804562,0.007652406813533885,0.729037160754616,0.007147423144653098
crotchal,0.8987342981917936,0.007747709467170635,0.789721229440256,0.006807941633105655
forizzle,0.7474001203796046,0.007186539619034659,0.74736197748269,0.00718617286041048
'sup,0.9492421071612676,0.00692877450482677,0.8126748332208049,0.005931933089202955
jaw-dropping,0.9698389177022141,0.006977258400735353,0.8131871190587338,0.005850267043588013
kootered,0.0,0.0,0.0,0.0
do-hickey,0.8360767227437358,0.007025854812972569,0.7944652827600273,0.006676178846722918
redic,0.9541337365265868,0.007820768332185138,0.809200354910773,0.006632789794350598
skrilla,0.9326119843644265,0.007286031127847082,0.8090942007551236,0.006321048443399403
yada,0.97668024543228,0.006782501704390834,0.8153147741591408,0.005661908153882922
c'mon,0.9789446186268393,0.00679822651824194,0.8130750526614482,0.005646354532371168
freudenschade,0.6748544190610882,0.005272300148914752,0.7453602258824604,0.005823126764706722
/s,0.9890320719740422,0.007064514799814587,0.8156723053195553,0.005826230752282537
kertang,0.0,0.0,0.0,0.0
mkay,0.9701980229862339,0.007030420456421985,0.8142750007367444,0.005900543483599597
granma,0.9306128237168103,0.007158560182437003,0.8082635783301048,0.006217412141000806
jeez,0.979287401138604,0.006661819055364653,0.8148553496499293,0.005543233671087955
trammy,0.7090597079148278,0.006752949599188836,0.6639448204660027,0.006323284004438121
fracket,0.4364083816163313,0.004593772438066645,0.5203110357835478,0.005476958271405766
psycho-bitch,0.848689672764742,0.006789517382117936,0.7399474697731893,0.005919579758185514
fanboi,0.9591780690843833,0.006802681341023995,0.8092036141287704,0.005739032724317521
cinchy,0.7033448294807308,0.007992554880462851,0.7289873232258128,0.008283946854838782
fuckwit,0.9669838101170339,0.006956718058395928,0.8109375133888224,0.005834082830135413
correctamundo,0.8993139148811828,0.007311495242936446,0.8045949668241446,0.0065414224945052404
refry,0.8094051111701076,0.007635897275189695,0.7690778221974655,0.007255451152806278
slinkster,0.27001351965124226,0.004576500333071902,0.33868309379078326,0.005740391420182767
fundage,0.9202204204854343,0.007605127442028382,0.793176665476597,0.006555179053525596
woodstuck,0.6275626653421709,0.010287912546592965,0.6040975808280569,0.009903239029968145
coolage,0.751908489758139,0.0067134686585548125,0.7476191988397926,0.006675171418212433
lolzy,0.9048419752150667,0.008007451108097936,0.8091736095414255,0.0071608284030214644
klepto,0.927505162308064,0.007794161027798857,0.7924937149500538,0.006659611050000453
facialize,0.7491662796615084,0.008232596479796796,0.6594461286473727,0.007246660754366733
underboob,0.93459570316036,0.007080270478487576,0.7993588725058997,0.006055749034135603
gootchy,0.4340636766439083,0.004667351361762455,0.6386055279819799,0.006866726107333117
uff-dah,0.5083812588043067,0.004751226717797259,0.6439285522855706,0.006018023853136174
aforetexted,0.06516100046925893,0.001589292694372169,0.3013949614116147,0.00735109661979548
heartie,0.826182905811892,0.007944066402037424,0.7818918129514326,0.00751819050914839
kipe,0.7544992421779181,0.007942097286083348,0.7498844197604612,0.007893520208004854
shpeel,0.9299468311842056,0.007322415993576422,0.7946420787436849,0.006257024242076259
bruty,0.6777129999507321,0.010589265624230189,0.6886208995103041,0.010759701554848502
de-food,0.0,0.0,0.0,0.0
niggaro,0.43700867837438884,0.010658748253033874,0.5047012127404713,0.01230978567659686
notty,0.8548799698774673,0.006332444221314572,0.776028688451167,0.00574836065519383
d'd,0.8717358543764058,0.00764680574014391,0.8036846326655671,0.007049865198820764
butt-fugly,0.7735905200093633,0.006611884786404815,0.7451089536146032,0.0063684525949966085
gonasyphaherpalaids,0.4885175108269012,0.0050887240711135545,0.6350532876211268,0.00661513841272007
eargasm,0.9371980314267351,0.0072651010188118995,0.7854240594928975,0.006088558600720136
blowie,0.9443390083628992,0.007615637164216929,0.8055498220476557,0.006496369532642384
schnuckered,0.22024264460120632,0.002420248841771498,0.47537884488497456,0.005223943350384336
somos,0.939376409214931,0.007225972378576392,0.8074688221250502,0.006211298631731156
Barney-style,0.8505164099840468,0.0077319673634913344,0.7857551234810457,0.007143228395282234
chokker,0.30809667358541887,0.004339389768808716,0.29363964415367216,0.004135769635967214
fisho,0.7629753562229308,0.007785462818601334,0.7562777654890043,0.007717120056010248
nyuk,0.9247133410621889,0.007113179546632223,0.8032024371101861,0.00617848028546297
charleys,0.7033106546044557,0.0076446810283093015,0.6934179022716819,0.007537151111648716
skrog,0.6555924002086215,0.006364974759307005,0.6804616292332604,0.006606423584788935
millihelen,0.6791156381391134,0.005305590922961823,0.7099347355820969,0.005546365121735132
reeb,0.7812550674533014,0.007167477683057811,0.7676842796960048,0.007042975043082613
carny,0.9235167438868308,0.0073294979673558,0.801117204592761,0.0063580730523235
chode,0.9657572268573732,0.00737219257143033,0.811178394875467,0.006192201487598984
ILU2,0.8330235711763605,0.007785267020339818,0.7480812712484399,0.00699141374998542
handsy,0.9559626135817788,0.007900517467618006,0.8070050313170426,0.006669463068735889
religitard,0.8017113309063595,0.006571404351691471,0.730481304323829,0.005987551674785483
scalvage,0.7341325464972985,0.009176656831216231,0.6795861906302324,0.008494827382877905
pen15,0.8791879142313274,0.005980870164838962,0.7844066896422336,0.005336099929539004
fart-knocker,0.7130143943848919,0.006726550890423509,0.7723481595049221,0.0072863033915558685
haxor,0.9308893737912358,0.006375954615008465,0.7943290295225204,0.00544060979125014
haterade,0.9541603702722687,0.0068644630954839475,0.8124799040617846,0.00584517916591212
zomg,0.9670718786080876,0.007058918821956844,0.8137985450277688,0.005940135365166196
lil',0.9760203739047607,0.007021729308667343,0.812889780381723,0.005848127916415273
af,0.9834813015844694,0.007075405047370284,0.815079493172307,0.005863881245843935
brick-and-mortar,0.9526851615725985,0.007501457965138571,0.8049975429381165,0.00633856333022139
budissy,0.38333322718697677,0.004035086601968176,0.6359743138367631,0.006694466461439611
alcamahol,0.6831944141690374,0.005741129530832246,0.691494002029489,0.005810873966634361
wedlease,0.42095688131509235,0.006681855258969719,0.30120141714137433,0.00478097487525991
yeyo,0.8369088877557785,0.006859908916030972,0.7876784105724399,0.006456380414528196
schmoe,0.946551816905895,0.006761084406470678,0.8084471320450819,0.005774622371750585
epissany,0.31765721721736456,0.004887034111036378,0.4138711120719825,0.0063672478780305
krook,0.7812461892252586,0.006456580076241806,0.7523686962402756,0.006217923109423765
aye-wad,0.0,0.0,0.0,0.0
bazonga,0.7888660197371934,0.008132639378733953,0.7590821458816632,0.007825589132800652
double-bagger,0.6898299939209498,0.005072279367065807,0.6792050470009843,0.004994154757360179
wikkid,0.8501715361201847,0.006801372288961478,0.7911974916043694,0.006329579932834955
skillage,0.8255755012912969,0.006500594498356669,0.7943821971677693,0.0062549779304548764
weazel,0.8297025928845606,0.006382327637573543,0.804297161568048,0.006186901242831139
stump-broke,0.5263868835293477,0.006663125107966426,0.6643344089670031,0.008409296316038014
str8,0.9646787316633127,0.007308172209570551,0.814664733669747,0.006171702527801114
cankle,0.8774934687886617,0.006909397392036706,0.7942345029689257,0.00625381498400729
normie,0.9683012802187129,0.008205943052700957,0.8121122964851835,0.006882307597332063
booya,0.9333437115670308,0.00723522257028706,0.810352642714231,0.006281803431893264
scrubb,0.8828319316555495,0.007882427961210263,0.7926941711920935,0.007077626528500835
walkie,0.9614892604577865,0.007453405119827802,0.8063581049942447,0.0062508380232111985
limpdick,0.9104573312864258,0.007342397832955047,0.7948588104378252,0.006410151697079236
agen,0.9398727371484252,0.007120248008700191,0.8097156850127715,0.006134209734945238
fosheezy,0.6879184131349658,0.008707828014366656,0.7094900867036016,0.008980887173463311
gonner,0.9363600289358354,0.007258604875471592,0.809441134858473,0.006274737479523047
zunga,0.7227866186322307,0.009266495110669624,0.7444378293615175,0.00954407473540407
skullet,0.8757938274840962,0.006950744662572192,0.7859683588584827,0.0062378441179244655
booyaka,0.8379672931822117,0.007041741959514384,0.8009471642616427,0.006730648439173468
biosex,0.7760403669292634,0.006867613866630649,0.7007894194279641,0.006201676278123576
bomb-ass,0.9449211418923769,0.007213138487728068,0.8107698519318367,0.006189082839174326
F2P,0.9556145294772298,0.007832905979321556,0.8006556332087824,0.0065627510918752656
skeeter,0.9253103143984368,0.007584510773757679,0.8047774860443704,0.006596536770855495
crapstick,0.6901595367237554,0.0060540310238925915,0.7651704096117207,0.006712021136944918
gallagher,0.8896541078777722,0.006689128630659942,0.7904038178428645,0.005942885848442591
compy,0.9446116721826532,0.006945674060166568,0.8002121293890941,0.00588391271609628
schlub,0.952881942910953,0.007273907961152313,0.8080710344112051,0.006168481178711489
frombe,0.4218774134864847,0.005551018598506378,0.40789044983071726,0.005366979603035753
numbskull,0.9522266888607401,0.007053531028598075,0.8092890711652393,0.0059947338604832544
bezerker,0.8804657591504017,0.008228651954676652,0.7895041159833881,0.007378543140031665
heterophobia,0.8628449710564903,0.006794054890208585,0.7525342570705784,0.005925466591106917
hutched,0.5888703660790384,0.005717188020184839,0.7160555117014903,0.00695199525923777
bugfucker,0.7114468064728133,0.005691574451782507,0.7078178068358184,0.0056625424546865475
bindle,0.9054008907248833,0.007545007422707361,0.8032151450275109,0.0066934595418959245
bizzounce,0.5790880806116224,0.007424206161687467,0.6137876319115507,0.00786907220399424
jeju,0.7968978982133953,0.007736872798188304,0.7832901190735895,0.007604758437607665
reco,0.9525735987379311,0.006436308099580615,0.8129772231227644,0.005493089345424084
cronick,0.5012429622008395,0.016708098740027984,0.503427360447898,0.016780912014929934
noobie,0.969576372903286,0.007345275552297622,0.8143720470590798,0.006169485204993029
dawg,0.9780960672358717,0.006839832638013089,0.8139693575525437,0.005692093409458348
snarcasm,0.5855280025130931,0.0055238490803121995,0.7303908220100508,0.006890479452925007
fu-fu,0.8119345069990976,0.0075881729626083895,0.7672019148833897,0.007170111354050371
guidette,0.8050380918001337,0.006338882612599479,0.7056536114569579,0.005556327649267385
spluge,0.8486377994493673,0.006682187397239113,0.797096883385572,0.006276353412484819
packy,0.8609270922666429,0.006377237720493651,0.786815868814922,0.005828265694925348
g'day,0.9398748792604372,0.0074593244385748984,0.8121202382392838,0.006445398716184792
slammin',0.9327070265728031,0.0072302870276961485,0.7982412843673288,0.006187916933080068
whinge,0.9634318707497485,0.006598848429792798,0.8096943013132682,0.0055458513788580015
sherm,0.8692015233371487,0.007493116580492661,0.7809739196829524,0.006732533790370279
robotrip,0.8040672455202027,0.0065907151272147765,0.7269196993698196,0.005958358191555898
kewl,0.9711365817556857,0.007037221606925259,0.8122880064151042,0.005886144974022495
skeezy,0.9579239075006919,0.007256999299247666,0.8077915821662665,0.006119633198229292
shickered,0.6699174367041232,0.0077897376360944555,0.6833256119348594,0.007945646650405341
troblem,0.7502334235506584,0.007814931495319357,0.705652263078656,0.007350544407069334
cuntsicle,0.7248067661571084,0.006773895010814097,0.7391569829670599,0.006908009186608036
bousta,0.48852139336828354,0.0057473105102151005,0.6867388309085529,0.008079280363630034
anyhoose,0.39217496253141065,0.004782621494285496,0.44750671089455357,0.005457398913348214
wyd,0.9434691931911888,0.009627236665216213,0.8077141009701573,0.008241980622144462
boed,0.8247629373692362,0.00859128059759621,0.7726884327364425,0.00804883784100461
arseholed,0.7979999273791785,0.007388888216473875,0.7643334718741724,0.0070771617766127075
papes,0.8789657015975917,0.007386266399979762,0.8008607983293874,0.006729922675036869
bka,0.8438076506322933,0.007886052809647602,0.7925926978685655,0.007407408391295004
fuckbunny,0.7856259581056542,0.008269746927427938,0.6773177969522823,0.007129661020550341
congrats,0.9807051021034778,0.0067634834627826055,0.8150860582776452,0.005621283160535485
e-penis,0.9463824076906668,0.0063944757276396405,0.7996056860967781,0.005402741122275527
dedi,0.9176023263640091,0.007910364882448354,0.7813248217640741,0.006735558808310984
ginormous,0.9730986421859898,0.006574990825581013,0.8121546777368008,0.005487531606329735
vaguebook,0.8274361536657454,0.00819243716500738,0.7236812578785277,0.007165160969094334
cock-smooch,0.6542293322815634,0.00934613331830805,0.6609218605224579,0.009441740864606541
rat-arsed,0.8150121848845171,0.006906882922750145,0.7461416621503478,0.006323234425002947
derp,0.9769995470699426,0.007183820199043696,0.8160315823816768,0.006000232223394682
phew,0.9751654137570668,0.0066337783248780055,0.8141275640149583,0.0055382827484010775
bossman,0.9541805392222494,0.007228640448653405,0.8136966545762185,0.006164368595274383
saddified,0.3102529700997412,0.008385215408101113,0.30224180653806393,0.008168697474001728
grats,0.9705248613725663,0.006693274906017699,0.8140217321411931,0.00561394298028409
painsomnia,0.7342219171626129,0.013349489402956598,0.6524013022567792,0.011861841859214167
pibble,0.869917300133244,0.008364589424358115,0.7505923481683685,0.0072172341170035435
mang,0.9751286933378029,0.006819081771593028,0.8149362567237637,0.005698854942124221
anywho,0.9718699210602584,0.007307292639550815,0.8139177620657388,0.006119682421546909
kipster,0.580635150473001,0.0068310017702706,0.5880283238728913,0.0069179802808575445
cameltoe,0.9383032399675738,0.0068489287588874,0.800234508109012,0.0058411277964161455
jork,0.8147933512341922,0.011010720962624218,0.7847802692478404,0.010605138773619465
volcel,0.8534949510837667,0.019397612524631062,0.749595596930881,0.01703626356661093
boolus,0.0,0.0,0.0,0.0
jeepers,0.9450944820124467,0.007105973548965765,0.8095454654637194,0.006086808011005409
bunk-ass,0.7841537946169528,0.0071286708601541165,0.7664058009483978,0.006967325463167253
schlort,0.676184164911072,0.005983930662929841,0.6983921845110143,0.006180461809831984
dicky-doo,0.6406363360239486,0.007198161078920772,0.6705673416416593,0.007534464512827633
b-day,0.970917929520258,0.007526495577676419,0.8123968081025447,0.006297649675213525
po-9,0.5756252915283095,0.007286396095295058,0.5912489160816583,0.007484163494704535
brah,0.9778034849305998,0.00740760215856515,0.8128256334582643,0.006157769950441396
five-oh,0.828892897007057,0.006279491643992856,0.7715022656777835,0.005844714133922602
zories,0.4808252213120774,0.005863722211122895,0.6370986653967374,0.0077694959194724075
alvo,0.8228428319603803,0.009245425078206521,0.8079046595768219,0.009077580444683393
blumpy,0.7736544525966592,0.0072986269112892375,0.7369207991579988,0.006952083010924517
copy-cat,0.9497836319595614,0.0067360541273727755,0.8069605583353249,0.005723124527200886
bolt-ons,0.9083523207628179,0.006881456975475893,0.7979617419957825,0.006045164712089261
e-puddle,0.4437493977470606,0.004034085434064187,0.4034143063218049,0.0036674027847436812
jack-leg,0.6039952732186548,0.005644815637557521,0.7016462953494612,0.006557442012611787
kthx,0.967310779979938,0.0067644110488107555,0.8148281757303648,0.005698099130981572
yamp,0.6769092953165116,0.007051138492880329,0.7070431149339703,0.007365032447228858
soul-sucking,0.9508996699669925,0.006940873503408705,0.8034168326730231,0.005864356442868782
head-the-ball,0.6201082580850774,0.006967508517809858,0.6399095780653498,0.0071899952591612335
wassock,0.630799015894977,0.0060076096751902576,0.7221289325943175,0.006877418405660167
booshi,0.7373529324935567,0.007300524084094621,0.7124339667992228,0.007053801651477453
guize,0.9489756509085705,0.007778488941873529,0.8078424793058809,0.006621659666441647
plz,0.9817958530422894,0.006865705266029996,0.8157251261036976,0.0057043715112146684
noogie,0.9110751813113183,0.007117774853994674,0.7937249776977311,0.006200976388263524
c-walk,0.7881468133463458,0.006460219781527425,0.7496081552384715,0.006144329141298946
assmucus,0.43986460249904114,0.004679410664883417,0.502691408232439,0.005347780938642968
ID10T,0.9055377643952539,0.006965675110732723,0.7807192239465264,0.006005532491896357
badussy,0.6057646634050969,0.005769187270524733,0.6996118405726934,0.006662969910216128
blumpken,0.4162979248434601,0.004785033618890346,0.41909134734655623,0.004817141923523635
redrum,0.9065787144560188,0.007195069162349355,0.8038648961818262,0.006379880128427193
drummy,0.8402751242989104,0.006776412292733148,0.7451639258235384,0.006009386498576923
giv'er,0.8537483317255524,0.007489020453732916,0.7833299611371898,0.0068713154485718405
4Q,0.9133454400361392,0.007025734154124147,0.7973962455603388,0.006133817273541068
